ticker,period_end,filed_date,fiscal_year,fiscal_period,revenue,gross_profit,cost_of_revenue,operating_income,ebitda,net_income,r_and_d_expense,sga_expense,interest_expense,income_tax_expense,depreciation_amortization,total_assets,current_assets,total_equity,total_liabilities,current_liabilities,long_term_debt,total_debt,cash_and_equivalents,inventory,accounts_receivable,retained_earnings,operating_cash_flow,free_cash_flow,capex,investing_cash_flow,financing_cash_flow,eps_diluted,shares_outstanding,gross_margin,operating_margin,ebitda_margin,net_margin,roe,roa,asset_turnover,current_ratio,quick_ratio,working_capital,debt_to_equity,debt_ratio,net_debt,interest_coverage,capex_to_revenue,revenue_growth_yoy,operating_income_growth_yoy,net_income_growth_yoy
AAPL,2018-12-29,2019-01-30,2019,Q1,84310000000.0,32031000000.0,52279000000.0,23346000000,,19965000000,3902000000.0,4783000000.0,890000000.0,3941000000,3395000000.0,373719000000,140828000000.0,117892000000,255827000000.0,108283000000.0,,,,4988000000.0,18077000000.0,80510000000,,,3355000000.0,,,,,0.3799193452733958,0.27690665401494485,,0.23680464950776894,0.6773996539205375,0.21368996492016729,0.9023892282704384,1.3005550271049011,1.2544905479161088,32545000000.0,,0.684543734731175,,26.231460674157304,0.039793618787806906,,,
AAPL,2019-03-30,2019-05-01,2019,Q2,58015000000.0,21821000000.0,36194000000.0,13415000000,,11561000000,3948000000.0,4458000000.0,1010000000.0,2232000000,,341998000000,123346000000.0,105860000000,236138000000.0,93772000000.0,,,,4884000000.0,15085000000.0,64558000000,,,,,,,,0.37612686374213566,0.2312333017323106,,0.19927604929759546,0.43684111090119027,0.1352171650126609,0.6785419797776595,1.3153819903595956,1.2632982126860897,29574000000.0,,0.6904660261171118,,13.282178217821782,,,,
AAPL,2019-06-29,2019-07-31,2019,Q3,53809000000.0,20227000000.0,33582000000.0,11544000000,,10044000000,4257000000.0,4426000000.0,866000000.0,1867000000,,322239000000,134973000000.0,96456000000,225783000000.0,89704000000.0,,,,3355000000.0,14148000000.0,53724000000,,,,,,,,0.37590365923916075,0.2145366016837332,,0.18666022412607555,0.41652152276685744,0.1246776460949792,0.6679390142099497,1.504648622135022,1.4672478373316686,45269000000.0,,0.7006693789392345,,13.33025404157044,,,,
AAPL,2019-09-28,2019-10-31,2019,Q4,64040000000.0,24313000000.0,39727000000.0,15625000000,,13686000000,4110000000.0,4578000000.0,810000000.0,2441000000,9152000000.0,338516000000,162819000000.0,90488000000,248028000000.0,105718000000.0,,,,4106000000.0,22926000000.0,45898000000,,,7140000000.0,,,,,0.3796533416614616,0.2439881324172392,,0.2137101811367895,0.6049862965255062,0.16171761452929848,0.7567146013777784,1.540125617208044,1.501286441287198,57101000000.0,,0.7326921031797611,,19.290123456790123,0.11149281698938164,,,
AAPL,2019-12-28,2020-01-29,2020,Q1,91819000000.0,35217000000.0,56602000000.0,25569000000,,22236000000,4451000000.0,5197000000.0,785000000.0,3682000000,2816000000.0,340618000000,163231000000.0,89531000000,251087000000.0,102161000000.0,,,,4097000000.0,20970000000.0,43977000000,,,2107000000.0,,,,,0.38354806739345887,0.2784717759940753,,0.2421720994565395,0.9934436117099106,0.26112536624605864,1.0782636267020533,1.5977819324399722,1.5576785661847476,61070000000.0,,0.7371512955862579,,32.57197452229299,0.02294732027140352,0.08906416795160717,0.09521973785659213,0.11374906085649887
AAPL,2020-03-28,2020-05-01,2020,Q2,58313000000.0,22370000000.0,35943000000.0,12853000000,,11249000000,4565000000.0,4952000000.0,757000000.0,1886000000,,320400000000,143753000000.0,78425000000,241975000000.0,96094000000.0,,,,3334000000.0,15722000000.0,33182000000,,,,,,,,0.3836194330595236,0.22041397287054346,,0.1929072419529093,0.5737456168313676,0.14043695380774032,0.7280024968789014,1.4959622869273836,1.461267092638458,47659000000.0,,0.7552278401997503,,16.97886393659181,,0.0051366026027751446,-0.04189340290719344,-0.02698728483695182
AAPL,2020-06-27,2020-07-31,2020,Q3,59685000000.0,22680000000.0,37005000000.0,13091000000,,11253000000,4758000000.0,4831000000.0,697000000.0,1884000000,,317344000000,140065000000.0,72282000000,245062000000.0,95318000000.0,,,,3978000000.0,17882000000.0,24136000000,,,,,,,,0.3799949736114602,0.21933484124989527,,0.18853983412917819,0.6227276500373538,0.14183977009176163,0.7523066451547847,1.4694496317589543,1.4277156465725256,44747000000.0,,0.7722282444287587,,18.781922525107603,,0.10920106301919753,0.134009009009009,0.12037037037037036
AAPL,2020-09-26,2020-10-30,2020,Q4,64698000000.0,24689000000.0,40009000000.0,14775000000,,12673000000,4978000000.0,4936000000.0,634000000.0,2228000000,8240000000.0,323888000000,143713000000.0,65339000000,258549000000.0,105392000000.0,,,,4061000000.0,16120000000.0,14966000000,,,5202000000.0,,,,,0.3816037590033695,0.2283687285542057,,0.19587931620761073,0.7758306677482055,0.15651089265425086,0.7990169441288346,1.3636044481554577,1.325072111735236,38321000000.0,,0.7982666847799239,,23.30441640378549,0.08040434016507465,0.010274828232354778,-0.0544,-0.07401724389887476
AAPL,2020-12-26,2021-01-28,2021,Q1,111439000000.0,44328000000.0,67111000000.0,33534000000,,28755000000,5163000000.0,5631000000.0,638000000.0,4824000000,2666000000.0,354054000000,154106000000.0,66224000000,287830000000.0,132507000000.0,,,,4973000000.0,27101000000.0,14301000000,,,3500000000.0,,,,,0.39777815665969724,0.30091799100853384,,0.25803354301456405,1.7368325682532013,0.3248656984527784,1.2590056883978151,1.16300270929083,1.125472616541013,21599000000.0,,0.8129550859473413,,52.56112852664577,0.031407317007510836,0.2136812642263584,0.3115100316789863,0.2931732325957906
AAPL,2021-03-27,2021-04-29,2021,Q2,89584000000.0,38079000000.0,51505000000.0,27503000000,,23630000000,5262000000.0,5314000000.0,670000000.0,4381000000,,337158000000,121465000000.0,69178000000,267980000000.0,106385000000.0,,,,5219000000.0,18503000000.0,15261000000,,,,,,,,0.4250647437042329,0.30700794784783,,0.2637747812109305,1.3663303362340629,0.28034334051097703,1.0628132804204558,1.1417493067631714,1.0926916388588617,15080000000.0,,0.7948202326505673,,41.049253731343285,,0.5362612110507091,1.1398117171088462,1.1006311672148636
AAPL,2021-06-26,2021-07-28,2021,Q3,81434000000.0,35255000000.0,46179000000.0,24126000000,,21744000000,5717000000.0,5412000000.0,665000000.0,2625000000,,329840000000,114423000000.0,64280000000,265560000000.0,107754000000.0,,,,5178000000.0,17475000000.0,9233000000,,,,,,,,0.4329272785323084,0.296264459562345,,0.2670137780288332,1.3530802738021157,0.2636914867814698,0.9875576036866359,1.0618909738849602,1.0138370733337045,6669000000.0,,0.8051176327916566,,36.2796992481203,,0.36439641450950827,0.8429455351004507,0.9322847240735804
AAPL,2021-09-25,2021-10-29,2021,Q4,83360000000.0,35174000000.0,48186000000.0,23786000000,,20551000000,5772000000.0,5616000000.0,672000000.0,2697000000,8618000000.0,351002000000,134836000000.0,63090000000,287912000000.0,125481000000.0,,,,6580000000.0,26278000000.0,5562000000,,,7585000000.0,,,,,0.4219529750479846,0.28534069097888676,,0.2465331094049904,1.3029640196544618,0.23419809573734623,0.949966097059276,1.0745531195957954,1.0221149018576519,9355000000.0,,0.8202574344305731,,35.395833333333336,0.09099088291746642,0.2884478654672478,0.6098815566835871,0.6216365501459796
AAPL,2021-12-25,2022-01-28,2022,Q1,123945000000.0,54243000000.0,69702000000.0,41488000000,,34630000000,6306000000.0,6449000000.0,694000000.0,6611000000,2697000000.0,381191000000,153154000000.0,71932000000,309259000000.0,147574000000.0,117800000000.0,,,5876000000.0,30213000000.0,14435000000,,,2803000000.0,,,,,0.43763766186615033,0.3347291137197951,,0.2793981201339304,1.9257076127453707,0.36338738322783065,1.3006078317693754,1.0378115386179136,0.9979942266252863,5580000000.0,,0.811296699030145,,59.78097982708934,0.022614869498567912,0.11222283042740872,0.237192103536709,0.20431229351417146
AAPL,2022-03-26,2022-04-29,2022,Q2,89584000000.0,38079000000.0,51505000000.0,27503000000,,23630000000,5262000000.0,5314000000.0,691000000.0,4381000000,,350662000000,118180000000.0,67399000000,283263000000.0,127508000000.0,113000000000.0,,,5460000000.0,20815000000.0,12712000000,,,,,,,,0.4250647437042329,0.30700794784783,,0.2637747812109305,1.4023946942832979,0.26954731336728815,1.0218843216544706,0.9268438058788468,0.88402296326505,-9328000000.0,,0.807794970655503,,39.801736613603474,,0.0,0.0,0.0
AAPL,2022-06-25,2022-07-29,2022,Q3,82959000000.0,35885000000.0,47074000000.0,23076000000,,19442000000,6797000000.0,6012000000.0,719000000.0,3624000000,,336309000000,112292000000.0,58107000000,278202000000.0,129873000000.0,108700000000.0,,,5433000000.0,21803000000.0,5289000000,,,,,,,,0.4325630733253776,0.2781615014645789,,0.2343567304331055,1.3383585454420293,0.2312397229928429,0.9866997314969269,0.8646292916926536,0.8227961162058318,-17581000000.0,,0.8272213946103137,,32.09457579972184,,0.01872682172065722,-0.0435215120616762,-0.10586828550404709
AAPL,2022-09-24,2022-10-28,2022,Q4,97840000000.0,42575000000.0,55265000000.0,27370000000,,22101000000,7886000000.0,7319000000.0,827000000.0,4684000000,8407000000.0,352755000000,135405000000.0,50672000000,302083000000.0,153982000000.0,,,,4946000000.0,28184000000.0,-3068000000,,,7905000000.0,,,,,0.4351492232215863,0.27974243663123466,,0.2258892068683565,1.7446321439848438,0.2506101968788536,1.1094385621748806,0.8793560286267226,0.8472353911496149,-18577000000.0,,0.8563535598361469,,33.09552599758162,0.08079517579721995,0.17370441458733205,0.15067686874632136,0.07542212057807406
AAPL,2022-12-31,2023-02-03,2023,Q1,117154000000.0,50332000000.0,66822000000.0,36016000000,,29998000000,7709000000.0,6607000000.0,1003000000.0,5625000000,2916000000.0,346747000000,128777000000.0,56727000000,290020000000.0,137286000000.0,109400000000.0,,,6820000000.0,23752000000.0,3240000000,,,3787000000.0,,,,,0.42962254809908323,0.30742441572630896,,0.2560561312460522,2.1152537592328167,0.3460505786639827,1.3514637473431637,0.9380199000626429,0.888342584094518,-8509000000.0,,0.8364023336899814,,35.90827517447657,0.03232497396589105,-0.054790431239662755,-0.13189355958349402,-0.13375685821542016
AAPL,2023-04-01,2023-05-05,2023,Q2,94836000000.0,41976000000.0,52860000000.0,28318000000,,24160000000,7457000000.0,6201000000.0,691000000.0,4222000000,,332160000000,112913000000.0,62158000000,270002000000.0,120075000000.0,107600000000.0,,,7482000000.0,17936000000.0,4336000000,,,,,,,,0.44261672782487665,0.2985996878822388,,0.25475557805052934,1.554747578750925,0.2909441233140655,1.1420520231213873,0.9403539454507599,0.8780428898605038,-7162000000.0,,0.8128672928709055,,40.98118668596237,,0.05862654045365244,0.029633130931171144,0.022429115531104528
AAPL,2023-07-01,2023-08-04,2023,Q3,82959000000.0,35885000000.0,47074000000.0,23076000000,,19442000000,6797000000.0,6012000000.0,998000000.0,3624000000,,335038000000,122659000000.0,60274000000,274764000000.0,124963000000.0,105300000000.0,,,7351000000.0,19549000000.0,1408000000,,,,,,,,0.4325630733253776,0.2781615014645789,,0.2343567304331055,1.290241231708531,0.23211695389776682,0.9904428751365517,0.9815625425125837,0.9227371301905364,-2304000000.0,,0.8200980187322036,,23.122244488977955,,0.0,0.0,0.0
AAPL,2023-09-30,2023-11-03,2023,Q4,88336000000.0,40955000000.0,47381000000.0,26891000000,,23395000000,7952000000.0,6112000000.0,1241000000.0,3270000000,8603000000.0,352583000000,143566000000.0,62146000000,290437000000.0,145308000000.0,105103000000.0,,,6331000000.0,29508000000.0,-214000000,,,7172000000.0,,,,,0.46362751313167905,0.3044172251403731,,0.26484106140191993,1.5058089016187688,0.2654126829711018,1.0021583570393353,0.9880116717592975,0.9444421504665951,-1742000000.0,,0.8237407929480435,,21.668815471394037,0.08119000181126608,-0.09713818479149632,-0.017500913408841797,0.058549386905569885
AAPL,2023-12-30,2024-02-02,2024,Q1,119575000000.0,54855000000.0,64720000000.0,40373000000,,33916000000,7696000000.0,6786000000.0,,6407000000,2848000000.0,353514000000,143692000000.0,74100000000,279414000000.0,133973000000.0,106000000000.0,,,6511000000.0,23194000000.0,8242000000,,,2392000000.0,,,,,0.4587497386577462,0.337637466025507,,0.2836378841731131,1.8308232118758434,0.38375849329870954,1.3529874347267719,1.072544467915177,1.0239451232711068,9719000000.0,,0.7903901967107385,,,0.02000418147606105,0.02066510746538744,0.12097401155042203,0.13060870724714982
AAPL,2024-03-30,2024-05-03,2024,Q2,90753000000.0,42271000000.0,48482000000.0,27900000000,,23636000000,7903000000.0,6468000000.0,,4422000000,,337411000000,128416000000.0,74194000000,263217000000.0,123822000000.0,102600000000.0,,,6232000000.0,21837000000.0,4339000000,,,,,,,,0.46578074554009236,0.30742785362467356,,0.26044318094167684,1.2742809391595007,0.2802042612718613,1.0758748232867335,1.0371016459110658,0.9867713330425933,4594000000.0,,0.7801079395751769,,,,-0.043053270909781095,-0.014760929444169787,-0.021688741721854303
AAPL,2024-06-29,2024-08-02,2024,Q3,85777000000.0,39678000000.0,46099000000.0,25352000000,,21448000000,8006000000.0,6320000000.0,,4046000000,,331612000000,125435000000.0,66708000000,264904000000.0,131624000000.0,98300000000.0,,,6165000000.0,22795000000.0,-4726000000,,,,,,,,0.462571551814589,0.29555708406682446,,0.25004371801298714,1.2860826287701626,0.25871198870969686,1.0346670204938302,0.9529796997508053,0.9061417370692275,-6189000000.0,,0.7988371952764074,,,,0.0339685868923203,0.0986306118911423,0.10317868532044028
AAPL,2024-09-28,2024-11-01,2024,Q4,94930000000.0,43879000000.0,51051000000.0,29591000000,,14736000000,7765000000.0,6523000000.0,,14874000000,8597000000.0,364980000000,152987000000.0,56950000000,308030000000.0,176392000000.0,96662000000.0,,,7286000000.0,33410000000.0,-19154000000,,,7055000000.0,,,,,0.4622247972190035,0.31171389444854103,,0.15523016959865163,1.0350131694468832,0.16149926023343744,1.0403857745629899,0.8673125765340832,0.8260068483831466,-23405000000.0,,0.8439640528248123,,,0.07431791846623828,0.07464680311537765,0.10040534007660555,-0.3701218209019021
AAPL,2024-12-28,2025-01-31,2025,Q1,124300000000.0,58275000000.0,66025000000.0,42832000000,45912000000.0,36330000000,8268000000.0,7175000000.0,,6254000000,3080000000.0,344085000000,133240000000.0,66758000000,277327000000.0,144365000000.0,94800000000.0,96799000000.0,30299000000.0,6911000000.0,29639000000.0,-11221000000,29935000000.0,26995000000.0,2940000000.0,9792000000.0,-39371000000.0,2.4,15150865000.0,0.4688254223652454,0.34458567980691873,0.36936444086886566,0.2922767497988737,2.176817759669253,0.42233750381446444,1.444991789819376,0.9229383853427077,0.8750666712845911,-11125000000.0,1.4499985020521886,0.80598398651496,66500000000.0,,0.023652453740949316,0.03951494877691825,0.06090704183488965,0.07117584620827928
AAPL,2025-03-29,2025-05-02,2025,Q2,95359000000.0,44867000000.0,50492000000.0,29589000000,32250000000.0,24780000000,8550000000.0,6728000000.0,,4530000000,,331233000000,118674000000.0,66796000000,264437000000.0,144571000000.0,92200000000.0,98186000000.0,28162000000.0,6269000000.0,26136000000.0,-15552000000,23952000000.0,20881000000.0,,2917000000.0,-29006000000.0,1.65,15056133000.0,0.47050619238876246,0.31029058610094484,0.33819566060885703,0.25986010759341016,1.4839211928858016,0.29924554618652127,1.1515640047942084,0.8208700223419635,0.7775072455748386,-25897000000.0,1.4699383196598599,0.7983413488390347,70024000000.0,,,0.050753143146783024,0.06053763440860215,0.048400744626840415
AAPL,2025-06-28,2025-08-01,2025,Q3,94036000000.0,43718000000.0,50318000000.0,28202000000,31032000000.0,23434000000,8866000000.0,6650000000.0,,4597000000,,331495000000,122491000000.0,65830000000,265665000000.0,141120000000.0,91800000000.0,101698000000.0,36269000000.0,5925000000.0,27557000000.0,-17607000000,27867000000.0,24405000000.0,,5073000000.0,-24833000000.0,1.57,14948179000.0,0.4649070568718363,0.2999064188183249,0.33000127610702285,0.24920243311072354,1.42391007139602,0.28276746255599633,1.134689814326008,0.8679917800453515,0.8260062358276644,-18629000000.0,1.5448579674920249,0.8014148026365405,65429000000.0,,,0.09628455180293086,0.11241716629851688,0.09259604625139874
AAPL,2025-09-27,2025-10-31,2025,Q4,102466000000.0,48341000000.0,54125000000.0,32427000000,35554000000.0,27466000000,8866000000.0,7048000000.0,,5338000000,8618000000.0,359241000000,147957000000.0,73733000000,285508000000.0,165631000000.0,90678000000.0,98657000000.0,35934000000.0,5718000000.0,39777000000.0,-14264000000,29728000000.0,26486000000.0,9775000000.0,-2587000000.0,-27476000000.0,1.85,14863609000.0,0.47177600374758455,0.3164659496808698,0.346983389612164,0.2680498897195167,1.4900248192803764,0.305822553661748,1.1409165434903032,0.8932929222186667,0.858770399261008,-17674000000.0,1.3380304612588665,0.7947533828265705,62723000000.0,,0.09539749770655633,0.07938480985989677,0.09583995133655504,0.863870792616721
AAPL,2025-12-27,2026-01-30,2026,Q1,143756000000.0,69231000000.0,74525000000.0,50852000000,54066000000.0,42097000000,10887000000.0,7492000000.0,,8905000000,3214000000.0,379297000000,158104000000.0,88190000000,291107000000.0,162367000000.0,88500000000.0,90509000000.0,45317000000.0,5875000000.0,39921000000.0,-2177000000,53925000000.0,51552000000.0,2373000000.0,-4886000000.0,-39656000000.0,2.84,14810356000.0,0.4815868555051615,0.35373827875010433,0.3760956064442528,0.292836472912435,1.9093774804399593,0.44394761888440987,1.5160257001769062,0.9737446648641658,0.9375612039392242,-4263000000.0,1.0262954983558226,0.7674909108165896,45192000000.0,,0.016507137093408276,0.15652453740949315,0.18724318266716475,0.15873933388384256
GOOGL,2019-03-31,2019-04-30,2019,Q1,36339000000.0,,16012000000.0,6608000000,,6657000000,6029000000.0,2088000000.0,35000000.0,1489000000,,245349000000,138207000000.0,183472000000,61877000000.0,34910000000.0,3952000000.0,,,1053000000.0,19149000000.0,138720000000,,,4638000000.0,,,,,,0.18184319876716476,,0.18319161231734502,0.14513386238772127,0.10853111282295831,0.592445862832129,3.958951589802349,3.928788312804354,103297000000.0,,0.2521999274502851,,188.8,0.12763147032114258,,,
GOOGL,2019-06-30,2019-07-26,2019,Q2,38944000000.0,,17296000000.0,9180000000,,9947000000,6213000000.0,2043000000.0,25000000.0,2200000000,,257101000000,147437000000.0,192192000000,64909000000.0,37000000000.0,3954000000.0,,,964000000.0,20965000000.0,145346000000,,,6126000000.0,,,,,,0.23572308956450289,,0.2554180361544782,0.2070221445221445,0.15475630199804746,0.6058941816640153,3.984783783783784,3.95872972972973,110437000000.0,,0.2524649845780452,,367.2,0.1573027937551356,,,
GOOGL,2019-09-30,2019-10-29,2019,Q3,40499000000.0,,17568000000.0,9177000000,,7068000000,6554000000.0,2591000000.0,23000000.0,1560000000,,263044000000,148358000000.0,194969000000,68075000000.0,39224000000.0,3956000000.0,,,1401000000.0,20889000000.0,147125000000,,,6732000000.0,,,,,,0.2265981876095706,,0.17452282772414135,0.14500766788566388,0.10748011739480848,0.6158513404601511,3.7823271466449113,3.7466092188456046,109134000000.0,,0.25879700734477884,,399.0,0.16622632657596484,,,
GOOGL,2019-12-31,2020-02-04,2019,Q4,46075000000.0,,21020000000.0,9266000000,,10671000000,7222000000.0,2829000000.0,17000000.0,33000000,,275909000000,152578000000.0,201442000000,74467000000.0,45221000000.0,4685000000.0,,,999000000.0,25326000000.0,152122000000,,,6052000000.0,,,,,,0.20110689093868692,,0.23160065111231687,0.21189225682826818,0.15470318112131173,0.6679738609469064,3.374051878552,3.351960372393357,107357000000.0,,0.26989695877988756,,545.0588235294117,0.13135105805751493,,,
GOOGL,2020-03-31,2020-04-29,2020,Q1,41159000000.0,,18982000000.0,7977000000,,6836000000,6820000000.0,2880000000.0,21000000.0,921000000,,273403000000,147018000000.0,203659000000,69744000000.0,40189000000.0,3960000000.0,,,889000000.0,21825000000.0,151068000000,,,6005000000.0,,,,,,0.1938093734055735,,0.16608761145800433,0.13426364658571435,0.10001353313606653,0.6021733485001993,3.658165169573764,3.6360446888452063,106829000000.0,,0.25509595724992046,,379.85714285714283,0.1458976165601691,0.13263986350752635,0.20717312348668282,0.026888989034099444
GOOGL,2020-06-30,2020-07-31,2020,Q2,38944000000.0,,17296000000.0,9180000000,,9947000000,6213000000.0,2043000000.0,13000000.0,2200000000,,278492000000,149069000000.0,207322000000,71170000000.0,43658000000.0,2963000000.0,,,815000000.0,21201000000.0,151681000000,,,5391000000.0,,,,,,0.23572308956450289,,0.2554180361544782,0.19191402745487696,0.14286945405972165,0.5593553854329747,3.4144715745109715,3.395803747308626,105411000000.0,,0.2555549171969033,,706.1538461538462,0.13842953985209533,0.0,0.0,0.0
GOOGL,2020-09-30,2020-10-30,2020,Q3,46173000000.0,,21117000000.0,11213000000,,11247000000,6856000000.0,2756000000.0,48000000.0,2112000000,,299243000000,164369000000.0,212920000000,86323000000.0,48200000000.0,,,,835000000.0,24925000000.0,155567000000,,,6732000000.0,,,,,,0.24284755159941956,,0.24358391267623936,0.21129062558707495,0.1503393563090866,0.617197394759443,3.4101452282157676,3.3928215767634855,116169000000.0,,0.2884712424350778,,233.60416666666666,0.1457994932103177,0.14010222474629003,0.2218589953143729,0.5912563667232598
GOOGL,2020-12-31,2021-02-03,2020,Q4,,,27337000000.0,12854000000,,12239000000,7684000000.0,3373000000.0,53000000.0,2580000000,,319616000000,174296000000.0,222544000000,97072000000.0,56834000000.0,15319000000.0,,,728000000.0,30930000000.0,163401000000,,,4153000000.0,,,,,,,,,0.21998346394420878,0.15317130556668002,,3.0667558151810534,3.053946581271774,117462000000.0,,0.3037144573488186,,242.52830188679246,,,0.38722210230951865,0.14694030550089027
GOOGL,2021-03-31,2021-04-28,2021,Q1,41159000000.0,,24103000000.0,16437000000,,17930000000,7485000000.0,2773000000.0,21000000.0,3353000000,,327095000000,172137000000.0,230013000000,97082000000.0,55453000000.0,,,,888000000.0,28006000000.0,170580000000,,,6005000000.0,,,,,,0.3993537257950873,,0.43562768774751576,0.3118084629999174,0.21926351671532734,0.5033277793913083,3.104196346455557,3.0881827854218886,116684000000.0,,0.29680062367202187,,782.7142857142857,0.1458976165601691,0.0,1.060549078600978,1.622878876535986
GOOGL,2021-06-30,2021-07-28,2021,Q2,38297000000.0,,26227000000.0,19361000000,,18525000000,7675000000.0,3341000000.0,76000000.0,3460000000,,335387000000,175697000000.0,237565000000,97822000000.0,55741000000.0,,,,907000000.0,31967000000.0,176939000000,,,,,,,,,0.5055487374990209,,0.483719351385226,0.3119146338896723,0.22093879607736733,0.45674996347503033,3.152024542078542,3.135752856963456,119956000000.0,,0.2916690271238897,,254.75,,-0.016613599013968777,1.109041394335512,0.8623705639891425
GOOGL,2021-09-30,2021-10-27,2021,Q3,46173000000.0,,27621000000.0,21031000000,,18936000000,7694000000.0,3256000000.0,77000000.0,4128000000,,347403000000,184110000000.0,244567000000,102836000000.0,61782000000.0,,,,1278000000.0,34047000000.0,183782000000,,,,,,,,,0.45548264137049793,,0.4101098044311611,0.30970654258342295,0.21802920527456585,0.5316361689450004,2.9799941730601147,2.9593085364669323,122328000000.0,,0.29601356349830027,,273.12987012987014,,0.0,0.8755908320699188,0.6836489730594826
GOOGL,2021-12-31,2022-02-02,2021,Q4,,,32988000000.0,21885000000,,20642000000,8708000000.0,4140000000.0,172000000.0,3760000000,,359268000000,188143000000.0,251635000000,107633000000.0,64254000000.0,15440000000.0,,,1170000000.0,39304000000.0,191484000000,,,18635000000.0,,,,,,,,,0.32812605559639957,0.22982286204170702,,2.928113424845146,2.9099044417468174,123889000000.0,,0.2995897213222441,,127.23837209302326,,,0.7025828535864322,0.6865757006291364
GOOGL,2022-03-31,2022-04-27,2022,Q1,55314000000.0,,24103000000.0,16437000000,,17930000000,7485000000.0,2773000000.0,83000000.0,3353000000,,357096000000,177853000000.0,254004000000,103092000000.0,61948000000.0,,,,1369000000.0,34703000000.0,195221000000,,,9786000000.0,,,,,,0.2971580431717106,,0.32414940159814876,0.28235775814554104,0.20084235051638774,0.6195980912695745,2.871004713630787,2.8489055336734035,115905000000.0,,0.28869547684656227,,198.03614457831324,0.17691723614274868,0.343910201899949,0.0,0.0
GOOGL,2022-06-30,2022-07-27,2022,Q2,61880000000.0,,26227000000.0,19361000000,,18525000000,7675000000.0,3341000000.0,83000000.0,3460000000,,355185000000,172371000000.0,255419000000,99766000000.0,61354000000.0,,,,1980000000.0,35707000000.0,196845000000,,,,,,,,,0.312879767291532,,0.29936974789915966,0.29011154221103364,0.20862367498627477,0.6968762757436265,2.809450076604622,2.777178342080386,111017000000.0,,0.28088460942888915,,233.26506024096386,,0.6157923597148601,0.0,0.0
GOOGL,2022-09-30,2022-10-26,2022,Q3,65118000000.0,,27621000000.0,21031000000,,18936000000,7694000000.0,3256000000.0,77000000.0,4128000000,,358255000000,166109000000.0,253626000000,104629000000.0,65979000000.0,,,,3156000000.0,34697000000.0,196220000000,,,,,,,,,0.3229675358579809,,0.290795171841887,0.29864446074140666,0.2114248231008639,0.7270575428116844,2.517604086148623,2.4697706846117704,100130000000.0,,0.2920517508478598,,273.12987012987014,,0.410304723539731,0.0,0.0
GOOGL,2022-12-31,2023-02-03,2022,Q4,100524000000.0,,48252000000.0,18013000000,,4581000000,16646000000.0,6354000000.0,114000000.0,415000000,,365264000000,164795000000.0,256144000000,109120000000.0,69300000000.0,15312000000.0,,,2670000000.0,40258000000.0,195563000000,,,21699000000.0,,,,,,0.17919103895587124,,0.04557120687596992,0.07153788493972141,0.0501664549476543,1.1008366551316309,2.377994227994228,2.3394660894660895,95495000000.0,,0.29874282710587413,,158.00877192982455,0.21585889936731525,,-0.17692483436143477,-0.7780738300552272
GOOGL,2023-03-31,2023-04-26,2023,Q1,69787000000.0,,29599000000.0,20094000000,,16436000000,9119000000.0,3374000000.0,83000000.0,2498000000,,369491000000,161985000000.0,260894000000,108597000000.0,68854000000.0,,,,2315000000.0,36036000000.0,196625000000,,,6289000000.0,,,,,,0.2879332827030822,,0.23551664350093857,0.2519950631290869,0.17793126219583155,0.755493367903413,2.35258663258489,2.318964766026665,93131000000.0,,0.2939097298716342,,242.09638554216866,0.09011707051456574,0.261651661423871,0.22248585508304436,-0.08332403792526492
GOOGL,2023-06-30,2023-07-26,2023,Q2,74604000000.0,,31916000000.0,21838000000,,18368000000,10588000000.0,3481000000.0,83000000.0,3535000000,,383044000000,168788000000.0,267141000000,115903000000.0,77709000000.0,,,,2231000000.0,38804000000.0,200884000000,,,,,,,,,0.2927188890676103,,0.2462066377137955,0.27503078898409455,0.19181086245966522,0.7790645461095853,2.1720521432523903,2.1433424699841717,91079000000.0,,0.30258403734296846,,263.10843373493975,,0.20562378797672914,0.1279376065285884,-0.008475033738191633
GOOGL,2023-09-30,2023-10-25,2023,Q3,69092000000.0,,33229000000.0,21343000000,,19689000000,11258000000.0,3979000000.0,116000000.0,1508000000,,396711000000,176310000000.0,273202000000,123509000000.0,86295000000.0,,,,2957000000.0,41020000000.0,205647000000,,,,,,,,,0.30890696462687434,,0.2849678689283853,0.2882702176411593,0.19852235002306465,0.6966481897401383,2.0431079436815573,2.0088417637174807,90015000000.0,,0.31133243091318363,,183.99137931034483,,0.06102767284007494,0.014835243212400743,0.03976552598225602
GOOGL,2023-12-31,2024-01-31,2023,Q4,93911000000.0,,38588000000.0,21018000000,,19302000000,14462000000.0,5591000000.0,26000000.0,4381000000,,402392000000,171530000000.0,283379000000,119013000000.0,81814000000.0,14862000000.0,,,,47964000000.0,211247000000,,,25962000000.0,,,,,,0.22380764766640757,,0.2055350278455133,0.2724549102085899,0.19187260184099086,0.9335275055170082,2.096584936563424,2.096584936563424,89716000000.0,,0.29576383228294795,,808.3846153846154,0.2764532376398931,-0.06578528510604432,0.16682396047299172,3.2134905042567126
GOOGL,2024-03-31,2024-04-26,2024,Q1,80539000000.0,,30612000000.0,17415000000,,15051000000,11468000000.0,3759000000.0,94000000.0,3154000000,3413000000.0,407350000000,165471000000.0,292844000000,114506000000.0,76997000000.0,,,,,44552000000.0,219770000000,,,12012000000.0,,,,,,0.21623064602242392,,0.18687840673462547,0.20558386034885467,0.14779428010310544,0.7908579845341843,2.149057755496967,2.149057755496967,88474000000.0,,0.28109979133423346,,185.2659574468085,0.1491451346552602,0.15406880937710463,-0.1333233801134667,-0.0842662448284254
GOOGL,2024-06-30,2024-07-24,2024,Q2,84742000000.0,,35507000000.0,27425000000,,23619000000,11860000000.0,3158000000.0,,3932000000,,414770000000,161995000000.0,300753000000,114017000000.0,77913000000.0,,,,,47087000000.0,226033000000,,,,,,,,,0.32362936914399,,0.2787165750159307,0.3141315298600513,0.22777925115124045,0.8172432914627383,2.079178057577041,2.079178057577041,84082000000.0,,0.27489210887962,,,,0.13589083695244222,0.25583844674420736,0.2858776132404181
GOOGL,2024-09-30,2024-10-30,2024,Q3,76693000000.0,,33229000000.0,21343000000,,19689000000,11258000000.0,3979000000.0,,1508000000,,430266000000,157541000000.0,314119000000,116147000000.0,80803000000.0,,,,,49104000000.0,235317000000,,,,,,,,,0.27829136948613303,,0.25672486406842865,0.25072026843330075,0.18304025881663902,0.7129822017077808,1.9496924619135427,1.9496924619135427,76738000000.0,,0.26994231475412883,,,,0.1100127366410004,0.0,0.0
GOOGL,2024-12-31,2025-02-05,2024,Q4,108044000000.0,55856000000.0,46958000000.0,46207000000,36501000000.0,41759000000,14740000000.0,3292000000.0,,11103000000,11898000000.0,450256000000,163711000000.0,325084000000,125172000000.0,89122000000.0,12000000000.0,22574000000.0,23466000000.0,,52340000000.0,245084000000,39113000000.0,24837000000.0,40523000000.0,-16180000000.0,-19036000000.0,2.15,12348000000.0,0.5169745659175892,0.4276683573359002,0.3378345859094443,0.386499944467069,0.513824119304549,0.3709800646743186,0.9598450659180555,1.8369313974102914,1.8369313974102914,74589000000.0,0.06944051383642381,0.27800184783767456,-892000000.0,,0.3750601606752804,0.15049355240600143,1.198448948520316,1.1634545642938556
GOOGL,2025-03-31,2025-04-25,2025,Q1,90234000000.0,53873000000.0,33712000000.0,25472000000,46310000000.0,23662000000,11903000000.0,3026000000.0,,4653000000,4487000000.0,475374000000,162052000000.0,345267000000,130107000000.0,91654000000.0,10886000000.0,23564000000.0,23264000000.0,,51000000000.0,262628000000,36150000000.0,18953000000.0,17197000000.0,-16194000000.0,-20201000000.0,2.81,12183000000.0,0.5970365937451515,0.282288272713168,0.5132211804862912,0.2622293148923909,0.27412987629863267,0.1991021805988548,0.7592674399525426,1.7680843171056364,1.7680843171056364,70398000000.0,0.06824863076981003,0.2736939756907193,300000000.0,,0.19058226389165947,0.1203764635766523,0.46264714326729833,0.572121453724005
GOOGL,2025-06-30,2025-07-24,2025,Q2,,57389000000.0,39039000000.0,31271000000,39192000000.0,28196000000,13808000000.0,5209000000.0,,5737000000,,502053000000,166216000000.0,362916000000,139137000000.0,87310000000.0,23607000000.0,35559000000.0,21036000000.0,,55048000000.0,275760000000,27747000000.0,5301000000.0,,-24544000000.0,-5832000000.0,2.31,12198000000.0,,,,,0.31077163861609847,0.2246456051452735,,1.9037452754552744,1.9037452754552744,78906000000.0,0.09798135105644282,0.2771360792585643,14523000000.0,,,,0.14023701002734731,0.19378466488843726
GOOGL,2025-09-30,2025-10-30,2025,Q3,,60977000000.0,41369000000.0,31228000000,49741000000.0,34979000000,15151000000.0,7393000000.0,,9008000000,,536469000000,173947000000.0,386867000000,149602000000.0,99550000000.0,21607000000.0,33713000000.0,23090000000.0,,57148000000.0,297226000000,48414000000.0,24461000000.0,,-27777000000.0,-18383000000.0,2.87,12203000000.0,,,,,0.36166434459387853,0.26080910546555347,,1.7473329984932195,1.7473329984932195,74397000000.0,0.08714364368116174,0.27886420277779334,10623000000.0,,,,0.4631495103781099,0.7765757529585048
GOOGL,2025-12-31,2026-02-05,2025,Q4,,68062000000.0,48415000000.0,41068000000,45455000000.0,45333000000,20225000000.0,5854000000.0,,7258000000,16649000000.0,595281000000,206038000000.0,415265000000,180016000000.0,102745000000.0,49085000000.0,59291000000.0,30708000000.0,,62886000000.0,324055000000,52402000000.0,24551000000.0,74250000000.0,-51776000000.0,7028000000.0,2.82,12228000000.0,,,,,0.43666574356134036,0.30461580329289867,,2.005333592875566,2.005333592875566,103293000000.0,0.14277870757227312,0.3024050826416432,28583000000.0,,,,-0.11121691518601078,0.08558634066907732
LLY,2019-03-31,2019-05-02,2019,Q1,5092200000.0,,1138700000.0,731100000,,4241600000,1230500000.0,1517100000.0,86500000.0,170000000,356500000.0,38006800000,12597500000.0,2480300000,35526500000.0,11236100000.0,13610200000.0,,,3055200000.0,4200500000.0,4879400000,,,,,,,,,0.14357252268174855,,0.8329602136601076,6.840462847236221,0.4464043276466317,0.5359251502362735,1.1211630369968228,0.8492537446266943,1361400000.0,,0.9347406253617774,,8.452023121387283,,,,
LLY,2019-06-30,2019-08-02,2019,Q2,5636700000.0,,1124900000.0,1465900000,,1327200000,1402200000.0,1586300000.0,110900000.0,138700000,,38666400000,13454500000.0,2780500000,35885900000.0,11855400000.0,13717600000.0,,,3181100000.0,4612500000.0,4318100000,,,,,,,,,0.2600635123387798,,0.2354569162808026,1.9092968890487323,0.13729749860343865,0.5831109180063311,1.1348836816977916,0.86655869898949,1599100000.0,,0.9280900213104918,,13.218214607754733,,,,
LLY,2019-09-30,2019-10-25,2019,Q3,5476600000.0,,1175000000.0,1405800000,,1253900000,1380900000.0,1412300000.0,107400000.0,151900000,,37893100000,12661800000.0,3382500000,34510600000.0,10828600000.0,13662200000.0,,,3101300000.0,4441700000.0,4981900000,,,,,,,,,0.2566921082423401,,0.2289559215571705,1.482808573540281,0.13236182840675478,0.5781105267185846,1.1692924293075744,0.8828934488299504,1833200000.0,,0.9107357276126788,,13.089385474860336,,,,
LLY,2019-12-31,2020-02-19,2019,Q4,6114000000.0,,1282600000.0,1663100000,,1495700000,1581400000.0,1698100000.0,95800000.0,167400000,876100000.0,39286100000,13709600000.0,2606900000,,11775200000.0,,,,3190700000.0,4547300000.0,4920400000,,,,,,,,,0.272015047432123,,0.24463526333006216,2.2949863822931453,0.1522879593545809,0.6225102517175286,1.1642774645016645,0.8933096677763435,1934400000.0,,,,17.360125260960334,,,,
LLY,2020-03-31,2020-05-01,2020,Q1,5859800000.0,,1215100000.0,1679900000,,1456500000,1392100000.0,1549600000.0,92500000.0,223400000,273600000.0,41102800000,13994200000.0,3078800000,38024000000.0,12610200000.0,13982300000.0,,,3102400000.0,5106100000.0,5879400000,,,258300000.0,,,,,,0.2866821393221612,,0.2485579712618178,1.8922956996232299,0.1417421684167502,0.5702579872904036,1.1097524226419881,0.8637293619450921,1384000000.0,,0.9250951273392567,,18.161081081081083,0.044080002730468616,0.15074034798318997,1.2977704828340857,-0.6566154281403244
LLY,2020-06-30,2020-07-31,2020,Q2,5636700000.0,,1124900000.0,1465900000,,1327200000,1390200000.0,1586300000.0,88300000.0,138700000,,41967000000,14581900000.0,4092900000,37874100000.0,11988500000.0,15064400000.0,,,3313900000.0,4828900000.0,6617200000,,,,,,,,,0.2600635123387798,,0.2354569162808026,1.297075423293997,0.12649939237972693,0.5372506969761955,1.2163239771447638,0.9399007382074488,2593400000.0,,0.9024733719350918,,16.60135900339751,,0.0,0.0,0.0
LLY,2020-09-30,2020-10-28,2020,Q3,5740600000.0,,1326400000.0,1437200000,,1208400000,1380900000.0,1569100000.0,89600000.0,228800000,,43946000000,16239900000.0,4826900000,39119100000.0,11976900000.0,16334600000.0,,,3555400000.0,4886700000.0,7154000000,,,,,,,,,0.2503571055290388,,0.21050064453193046,1.0013880544448819,0.10998953260820098,0.5225139944477313,1.3559351752122837,1.0590803964297941,4263000000.0,,0.8901629272288718,,16.040178571428573,,0.04820509074973524,0.02233603642054346,-0.03628678523008214
LLY,2020-12-31,2021-02-17,2020,Q4,7302700000.0,,1816900000.0,2646900000,,2201600000,1922500000.0,1416200000.0,89200000.0,445300000,1050300000.0,46633100000,17462100000.0,5641600000,,12481600000.0,16348700000.0,,,3980300000.0,5875300000.0,7830200000,,,,,,,,,0.36245498240376844,,0.30147753570597174,1.5609756097560976,0.18884440451095896,0.6263962721757721,1.3990273682861172,1.0801339571849762,4980500000.0,,,,29.673766816143498,,0.19442263657180242,0.5915459082436414,0.4719529317376479
LLY,2021-03-31,2021-04-30,2021,Q1,6805600000.0,,1878600000.0,1476400000,,1355300000,1392100000.0,1576000000.0,92500000.0,121100000,350300000.0,46838300000,16604500000.0,6898700000,39939600000.0,11714200000.0,16199600000.0,,,3660800000.0,5592800000.0,9181300000,,,300300000.0,,,,,,0.21693899141883155,,0.19914482191136712,0.7858292141997768,0.11574288562992252,0.581199573853022,1.4174676887879667,1.104958085059159,4890300000.0,,0.852712416974997,,15.961081081081081,0.044125426119666154,0.16140482610327997,-0.12113816298589201,-0.06948163405423961
LLY,2021-06-30,2021-08-03,2021,Q2,6740100000.0,,1953200000.0,1593900000,,1390200000,1672800000.0,1685700000.0,86900000.0,203700000,,47809000000,17295500000.0,6444400000,41364600000.0,15093200000.0,14736600000.0,,,3824900000.0,5829400000.0,8530100000,,,,,,,,,0.23648017091734544,,0.20625806738772423,0.8628887095773075,0.11631282812859503,0.5639189273986069,1.1459133914610553,0.8924946333448175,2202300000.0,,0.865205296073961,,18.341772151898734,,0.19575283410506147,0.08731837096664165,0.04746835443037975
LLY,2021-09-30,2021-10-27,2021,Q3,6772800000.0,,1430800000.0,1245300000,,1110100000,1465400000.0,1577900000.0,83600000.0,135200000,,48187000000,17808300000.0,7757000000,40430000000.0,13682000000.0,15522400000.0,,,3907400000.0,5914300000.0,9639400000,,,,,,,,,0.18386782423812897,,0.16390562248995985,0.572437798117829,0.09214933488285222,0.5622097246145226,1.301586025434878,1.0159991229352434,4126300000.0,,0.8390229730010169,,14.895933014354068,,0.1798069888165,-0.1335235179515725,-0.08134723601456471
LLY,2021-12-31,2022-02-23,2021,Q4,7999900000.0,,2050200000.0,1839900000,,1726100000,2495600000.0,1592000000.0,76800000.0,113800000,1197300000.0,48806000000,18452400000.0,8979200000,,15052700000.0,16741200000.0,,,3886000000.0,6672800000.0,8958500000,,,,,,,,,0.229990374879686,,0.2157651970649633,0.7689326443335709,0.14146621317051183,0.6556488956275868,1.2258531691988812,0.9676935034910681,3399700000.0,,,,23.95703125,,0.09547153792432936,-0.3048849597642525,-0.21597928779069767
LLY,2022-03-31,2022-04-29,2022,Q1,6805600000.0,,1878600000.0,1476400000,,1355300000,1672100000.0,1576000000.0,84900000.0,121100000,435700000.0,46919300000,16964700000.0,9330800000,37588500000.0,13386000000.0,15152900000.0,,,3893000000.0,6322500000.0,9369400000,,,365400000.0,,,,,,0.21693899141883155,,0.19914482191136712,0.5810005572941227,0.11554307076192526,0.5801962092358581,1.267346481398476,0.9765202450321231,3578700000.0,,0.8011308779116483,,17.38987043580683,0.05369107793581756,0.0,0.0,0.0
LLY,2022-06-30,2022-08-04,2022,Q2,6740100000.0,,1953200000.0,1593900000,,1390200000,1781900000.0,1685700000.0,81200000.0,203700000,,47063600000,17115200000.0,8544700000,38518900000.0,15620600000.0,14692000000.0,,,3899400000.0,6364500000.0,8556000000,,,,,,,,,0.23648017091734544,,0.20625806738772423,0.6507893782110548,0.11815500726676242,0.5728503556888975,1.0956813438664328,0.8460494475244229,1494600000.0,,0.8184435529793725,,19.629310344827587,,0.0,0.0,0.0
LLY,2022-09-30,2022-11-01,2022,Q3,6772800000.0,,1430800000.0,1245300000,,1110100000,1802900000.0,1577900000.0,83600000.0,135200000,,47461500000,17639900000.0,10070100000,37391400000.0,15652800000.0,14143800000.0,,,3831100000.0,6715300000.0,10006500000,,,,,,,,,0.18386782423812897,,0.16390562248995985,0.4409489478753935,0.09355793643268755,0.5708037040548655,1.1269485331697844,0.8821936011448431,1987100000.0,,0.787825922063146,,14.895933014354068,,0.0,0.0,0.0
LLY,2022-12-31,2023-02-22,2022,Q4,8222900000.0,,1367200000.0,2490800000,,2389200000,1933900000.0,1600800000.0,81900000.0,101600000,1086800000.0,49489800000,18034500000.0,10649800000,,17138200000.0,14815300000.0,,,4309700000.0,6896000000.0,10042600000,,,,,,,,,0.30291016551338334,,0.2905544272701845,0.897368964675393,0.19310645830049827,0.6646137183823737,1.0522983743917098,0.8008308923924333,896300000.0,,,,30.41269841269841,,0.027875348441855522,0.35376922658840154,0.38416082498117143
LLY,2023-03-31,2023-04-27,2023,Q1,7810000000.0,,2072100000.0,2053600000,,1902900000,1610100000.0,1557900000.0,84900000.0,150700000,362300000.0,53163000000,20811400000.0,11190400000,41972600000.0,16010000000.0,18880500000.0,,,4544800000.0,7526200000.0,10639300000,,,,,,,,,0.2629449423815621,,0.2436491677336748,0.6801901629968544,0.14317476440381469,0.5876267328781295,1.2999000624609618,1.0160274828232354,4801400000.0,,0.7895077403457291,,24.188457008244995,,0.14758434230633596,0.3909509617989705,0.40404338522836275
LLY,2023-06-30,2023-08-08,2023,Q2,8312100000.0,,1807400000.0,2088900000,,1763200000,2356500000.0,1925400000.0,81200000.0,325700000,,54814000000,21331600000.0,11063800000,43750200000.0,18915000000.0,18158400000.0,,,4798700000.0,7516100000.0,10368500000,,,,,,,,,0.2513083336340997,,0.21212449320869575,0.6374663316401237,0.12866785857627613,0.6065676651950231,1.1277610362146444,0.8740629130319852,2416600000.0,,0.7981574050425074,,25.72536945812808,,0.23323096096497084,0.3105590062111801,0.2683067184577759
LLY,2023-09-30,2023-11-02,2023,Q3,9498600000.0,,1860100000.0,427200000,,-57400000,,1803900000.0,124600000.0,484600000,,57915500000,23007000000.0,11220400000,46695100000.0,21998200000.0,17923600000.0,,,4901400000.0,8167100000.0,10309900000,,,,,,,,,0.04497504895458278,,-0.006042995809908829,-0.020462728601475882,-0.003964396405107441,0.6560316322918736,1.045858297497068,0.8230491585675191,1008800000.0,,0.8062625721956989,,3.4285714285714284,,0.402462792345854,-0.6569501324981932,-1.051707053418611
LLY,2023-12-31,2024-02-21,2023,Q4,8503400000.0,,1342600000.0,1984900000,,1631700000,,2115900000.0,195200000.0,353200000,1165000000.0,64006300000,25727000000.0,10771900000,,27293200000.0,19104600000.0,,,5772800000.0,9090500000.0,10312300000,,,,,,,,,0.23342427734788437,,0.19188795070207212,0.605909820922957,0.10197121220879819,0.5314101893094898,0.9426157431155013,0.7311051837087627,-1566200000.0,,,,10.168545081967213,,0.03411205292536696,-0.20310743536213266,-0.31705173279758914
LLY,2024-03-31,2024-04-30,2024,Q1,6960000000.0,,1626700000.0,1529700000,,1344900000,,1749200000.0,179600000.0,184800000,400600000.0,63943500000,25188800000.0,12812200000,51131300000.0,18598100000.0,24559900000.0,,,6101800000.0,7885600000.0,12553900000,,,,,,,,,0.2197844827586207,,0.19323275862068964,0.4198810508733863,0.08413052147599052,0.43538436275774706,1.3543749092649249,1.0262876315322533,6590700000.0,,0.7996324880558618,,8.517260579064589,,-0.1088348271446863,-0.2551129723412544,-0.2932366388144411
LLY,2024-06-30,2024-08-08,2024,Q2,11302800000.0,,2170200000.0,3517200000,,2967000000,,2117300000.0,,550200000,,71874800000,30204300000.0,13562000000,58312800000.0,27121200000.0,23730400000.0,,,6481500000.0,11027900000.0,13178000000,,,,,,,,,0.3111795307357469,,0.2625013271047882,0.875092169296564,0.16512045946562634,0.6290271416407419,1.113678598292111,0.874695809919915,3083100000.0,,0.8113107792995597,,,,0.3598007723679936,0.6837570012925464,0.6827359346642469
LLY,2024-09-30,2024-10-30,2024,Q3,9498600000.0,,1860100000.0,427200000,,-57400000,,1803900000.0,,484600000,,75606900000,31415100000.0,14240000000,61366900000.0,24674100000.0,29045400000.0,,,7459800000.0,10294800000.0,13627200000,,,,,,,,,0.04497504895458278,,-0.006042995809908829,-0.01612359550561798,-0.0030367598724455043,0.5025255631430464,1.2732014541563825,0.9708682383551984,6741000000.0,,0.8116574016392684,,,,0.0,0.0,
LLY,2024-12-31,2025-02-19,2024,Q4,17281300000.0,11129000000.0,2761300000.0,7206300000,5748200000.0,6335500000,,2923400000.0,,870800000,1366000000.0,78714900000,32739700000.0,14192100000,,28376600000.0,29474000000.0,33644000000.0,3268000000.0,7589200000.0,11005700000.0,13545000000,2473800000.0,726600000.0,,-1920500000.0,-225400000.0,4.88,903158000.0,0.6439909034621238,0.4169998784813643,0.3326254390584042,0.3666101508567064,1.7856413074879687,0.3219466708336033,0.8781717311461997,1.1537569687700429,0.8863112564577856,4363100000.0,2.3706146377209856,,30376000000.0,,,1.0322812051649928,2.6305607335382133,2.8827603113317397
LLY,2025-03-31,2025-05-01,2025,Q1,8768000000.0,10504300000.0,1673500000.0,2536100000,4162600000.0,2242900000,,1952200000.0,,293200000,462800000.0,89388800000,41261200000.0,15764800000,73624000000.0,30068100000.0,34499500000.0,38515900000.0,3093300000.0,9311000000.0,12036600000.0,15099500000,1665600000.0,-1600900000.0,,-3352300000.0,1379700000.0,3.06,900604000.0,1.198026916058394,0.28924498175182484,0.4747490875912409,0.255805200729927,0.5690906322947326,0.10036604138326054,0.3923534044533543,1.3722583069764966,1.062594576976929,11193100000.0,2.4431581751750735,0.8236378606715831,35422600000.0,,,0.2597701149425287,0.6579067791070144,0.6677076362554837
LLY,2025-06-30,2025-08-07,2025,Q2,15557700000.0,13109900000.0,2447800000.0,6776400000,7503900000.0,5660500000,,2753000000.0,,1115900000,,100922600000,49854000000.0,18272900000,82649700000.0,39019900000.0,34180100000.0,39903800000.0,3375900000.0,11013800000.0,14170400000.0,17376200000,3086900000.0,1283000000.0,,-1834900000.0,-1244900000.0,6.29,899800000.0,0.8426631185843666,0.4355656684471355,0.4823270791955109,0.36383912789165496,1.2391027149494607,0.2243501455570903,0.6166190724376899,1.2776557602659155,0.9953946575977899,10834100000.0,2.1837694071548577,0.8189414462172001,36527900000.0,,,0.37644654421913154,0.9266461958375981,0.907819346140883
LLY,2025-09-30,2025-10-30,2025,Q3,17600800000.0,14592500000.0,3008300000.0,7232400000,7882000000.0,5582500000,,2740700000.0,,1649900000,,114935400000,62071300000.0,23793300000,91142100000.0,40140900000.0,40873600000.0,42506600000.0,9791900000.0,12180400000.0,16107400000.0,22252000000,8835900000.0,6027700000.0,,-2982600000.0,531000000.0,6.21,898804000.0,0.8290816326530612,0.410913140311804,0.4478205536111995,0.3171730830416799,0.9384994935549084,0.19428304943472594,0.6125458300923823,1.546335533084709,1.2428944044602885,21930400000.0,1.786494517364132,0.7929854509576684,32714700000.0,,,0.852988861516434,15.929775280898877,
LLY,2025-12-31,2026-02-12,2025,Q4,23252500000.0,15920300000.0,3922400000.0,9186100000,12144500000.0,7154100000,,3648100000.0,,2032000000,1534200000.0,112476000000,55629000000.0,26535000000,,35228000000.0,,42503000000.0,7268000000.0,13744000000.0,17760000000.0,24470000000,3224600000.0,254200000.0,,-2802200000.0,-2878800000.0,7.39,898002000.0,0.6846704655413396,0.3950585958499086,0.5222879260294592,0.3076701429953768,1.078439796495195,0.25442227675237383,0.8269319677086667,1.5791132054047916,1.1889690019302828,20401000000.0,1.6017712455247786,,35235000000.0,,,0.3455295608547968,0.27473183186933653,0.1292084286954463
BRK.B,2019-03-31,2019-05-06,2019,Q1,42392000000.0,,,27647000000,,21661000000,,,,5915000000,2417000000.0,738724000000,,368877000000,366133000000.0,,,,,19454000000.0,,342773000000,,,3151000000.0,,,,,,0.6521749386676732,,0.5109690507642951,0.23488588337033753,0.1172887302971069,0.22954175036955615,,,,,0.4956289493775754,,,0.07433006227590111,,,
BRK.B,2019-06-30,2019-08-05,2019,Q2,44460000000.0,,,17759000000,,14073000000,,,,3586000000,,760108000000,,382544000000,373717000000.0,,,,,19834000000.0,,356846000000,,,,,,,,,0.39943769680611785,,0.31653171390013496,0.1471517001965787,0.0740578970356844,0.23396675209312362,,,,,0.491663026833029,,,,,,
BRK.B,2019-09-30,2019-11-04,2019,Q3,45169000000.0,,,20489000000,,16524000000,,,,3832000000,,788482000000,,397609000000,386924000000.0,,,,,19951000000.0,,373334000000,,,,,,,,,0.45360756270893754,,0.365826119683854,0.16623366171288878,0.0838268977605069,0.2291441022115914,,,,,0.49072014326262364,,,,,,
BRK.B,2019-12-31,2020-02-24,2019,Q4,44491000000.0,,,36801000000,,29159000000,,,,7571000000,7647000000.0,817729000000,,424791000000,389166000000.0,,,,,19852000000.0,,402493000000,,,12828000000.0,,,,,,0.8271560540334,,0.6553909779505968,0.27457267220821535,0.1426340511343,0.2176320027784266,,,,,0.4759107234792945,,,0.2883279764446742,,,
BRK.B,2020-03-31,2020-05-04,2020,Q1,41452000000.0,,,-63049000000,,-49746000000,,,,-13352000000,2585000000.0,760448000000,,371565000000,385213000000.0,,,,,20172000000.0,,352359000000,,,2968000000.0,,,,,,-1.5210122551384735,,-1.2000868474380006,-0.5355294497597998,-0.26166680693485944,0.21803989227402795,,,,,0.5065606063793974,,,0.07160088777381067,-0.02217399509341385,-3.2805005968097802,-3.2965698721204006
BRK.B,2020-06-30,2020-08-10,2020,Q2,44460000000.0,,,17759000000,,14073000000,,,,3586000000,,788133000000,,393495000000,390880000000.0,,,,,19277000000.0,,378654000000,,,,,,,,,0.39943769680611785,,0.31653171390013496,0.14305645560934702,0.0714244930741385,0.22564719406496112,,,,,0.4959569006753936,,,,0.0,0.0,0.0
BRK.B,2020-09-30,2020-11-09,2020,Q3,43494000000.0,,,37930000000,,30137000000,,,,7517000000,,829946000000,,415155000000,410731000000.0,,,,,19361000000.0,,408791000000,,,,,,,,,0.8720743091001057,,0.6929001701384099,0.29036865748937146,0.14524800408701288,0.20962327669511027,,,,,0.49488882409216983,,,,-0.03708295512408953,0.8512372492556982,0.8238320019365771
BRK.B,2020-12-31,2021-03-01,2020,Q4,37327000000.0,,,63053000000,,48057000000,,,,14689000000,8011000000.0,873729000000,,443164000000,422393000000.0,,,,,19208000000.0,,444626000000,,,10044000000.0,,,,,,1.6892062046239986,,1.287459479733169,0.4337626702529989,0.22000872123965212,0.17088593831725857,,,,,0.48343708403864355,,,0.2690813620167707,-0.1610213301566609,0.7133501807016114,0.6481017867553757
BRK.B,2021-03-31,2021-05-03,2021,Q1,44623000000.0,,,14528000000,,11711000000,,,,2688000000,2673000000.0,884393000000,,447987000000,428217000000.0,,,,,18886000000.0,,456337000000,,,2519000000.0,,,,,,0.3255720144320194,,0.26244313470631736,0.10456553426773545,0.05296740250092436,0.2018243020919433,,,,,0.48419311324264214,,,0.05645070927548573,0.07649811830550998,,
BRK.B,2021-06-30,2021-08-09,2021,Q2,48110000000.0,,,35721000000,,28094000000,,,,7296000000,,912493000000,,470409000000,433693000000.0,,,,,19393000000.0,,484431000000,,,,,,,,,0.7424859696528788,,0.5839534400332571,0.2388899872238839,0.12315272555515494,0.21089476850781322,,,,,0.47528364601153106,,,,0.08209626630679262,1.0114308238076468,0.9963049811696155
BRK.B,2021-09-30,2021-11-08,2021,Q3,49014000000.0,,,12484000000,,10344000000,,,,1840000000,,920758000000,,472480000000,439683000000.0,,,,,20191000000.0,,494775000000,,,,,,,,,0.2547027379932264,,0.21104174317541927,0.08757196071791398,0.044936888954535285,0.21292891291740065,,,,,0.47752286702912167,,,,0.1269140571113257,-0.6708673872923807,-0.6567674287420778
BRK.B,2021-12-31,2022-02-28,2021,Q4,49505000000.0,,,48953000000,,39646000000,,,,9055000000,8045000000.0,958784000000,,506199000000,,,,,,20954000000.0,,534421000000,,,10757000000.0,,,,,,0.9888496111503888,,0.8008483991516009,0.3132839061317782,0.16540117482144048,0.20653244109204993,,,,,,,,0.21729118270881728,0.32625177485466283,-0.2236213978716318,-0.17502132883867075
BRK.B,2022-03-31,2022-05-02,2022,Q1,44623000000.0,,,14528000000,,11711000000,,,,2688000000,2703000000.0,969506000000,,508141000000,,,,,,22572000000.0,,539881000000,,,3090000000.0,,,,,,0.3255720144320194,,0.26244313470631736,0.0921870110855058,0.048317390506092794,0.18410613240144982,,,,,,,,0.0692468009770746,0.0,0.0,0.0
BRK.B,2022-06-30,2022-08-08,2022,Q2,48110000000.0,,,35721000000,,28094000000,,,,7296000000,,909860000000,,461229000000,,,,,,24560000000.0,,496126000000,,,,,,,,,0.7424859696528788,,0.5839534400332571,0.24364469710274073,0.12350911129184709,0.21150506671356034,,,,,,,,,0.0,0.0,0.0
BRK.B,2022-09-30,2022-11-07,2022,Q3,49014000000.0,,,12484000000,,10344000000,,,,1840000000,,902296000000,,455430000000,,,,,,25102000000.0,,493438000000,,,,,,,,,0.2547027379932264,,0.21104174317541927,0.09085040511165272,0.04585634869266848,0.2172856800872441,,,,,,,,,0.0,0.0,0.0
BRK.B,2022-12-31,2023-02-27,2022,Q4,66024000000.0,,,-93309000000,,-72968000000,,,,-20342000000,8196000000.0,948452000000,,472360000000,,,,,,25366000000.0,,511602000000,,,12374000000.0,,,,,,-1.4132588149763723,,-1.1051738761662426,-0.6179016004742146,-0.3077351305073952,0.2784495156317874,,,,,,,,0.18741669695868168,0.3336834663165337,-2.9060935999836577,-2.840488321646572
BRK.B,2023-03-31,2023-05-08,2023,Q1,49426000000.0,,,6957000000,,5580000000,,,,1252000000,3051000000.0,997072000000,,504554000000,,,,,,25499000000.0,,546631000000,,,3713000000.0,,,,,,0.14075587747339458,,0.11289604661514183,0.044237088597057994,0.022385544875395156,0.19828457724216506,,,,,,,,0.07512240521183183,0.1076350760818412,-0.5211316079295154,-0.5235248911279993
BRK.B,2023-06-30,2023-08-07,2023,Q2,65383000000.0,,,45435000000,,35912000000,,,,9236000000,,1041573000000,,539883000000,489812000000.0,,,,,25295000000.0,,582543000000,,,,,,,,,0.6949054035452641,,0.5492559227933866,0.2660724638486487,0.13791448127015582,0.251093298309384,,,,,0.4702618059415903,,,,0.35903138640615256,0.27194087511547826,0.2782800597992454
BRK.B,2023-09-30,2023-11-06,2023,Q3,65197000000.0,,,-16959000000,,-12767000000,,,,-4392000000,,1019933000000,,525330000000,485206000000.0,,,,,24755000000.0,,569776000000,,,,,,,,,-0.260119330644048,,-0.19582189364541314,-0.09721127672129899,-0.050069955575513296,0.25569130521318556,,,,,0.4757234053609404,,,,0.3301709715591464,-2.358458827298943,-2.2342420726991494
BRK.B,2023-12-31,2024-02-26,2023,Q4,74900000000.0,,,84733000000,,67498000000,,,,16923000000,9435000000.0,1069978000000,,561273000000,499208000000.0,,,,,24159000000.0,,607350000000,,,15696000000.0,,,,,,1.1312817089452603,,0.9011748998664887,0.4810350756227362,0.25233416014161036,0.28000575712771664,,,,,0.4665591255147302,,,0.20955941255006674,0.1344359626802375,,
BRK.B,2024-03-31,2024-05-06,2024,Q1,59745000000.0,,,44752000000,,35504000000,,,,8995000000,3168000000.0,1070035000000,,571490000000,492250000000.0,,,,,23670000000.0,,619925000000,,,4393000000.0,,,,,,0.749050129717968,,0.5942589338019918,0.248501286111743,0.13272089230726097,0.22333848892793226,,,,,0.4600316812066895,,,0.07352916562055402,0.20877675717233846,5.432657754779359,5.3627240143369175
BRK.B,2024-06-30,2024-08-05,2024,Q2,63519000000.0,,,38137000000,,30348000000,,,,7639000000,,1108860000000,,601697000000,500889000000.0,,,,,23498000000.0,,650273000000,,,,,,14.08134,2155183922.0,,0.6004030290149404,,0.477778302555141,0.20174938548804464,0.10947459553054488,0.22913262269357718,,,,,0.45171527514744875,,,,-0.02850893963262622,-0.16062506877957522,-0.15493428380485633
BRK.B,2024-09-30,2024-11-04,2024,Q3,65197000000.0,,,-16959000000,,-12767000000,,,,-4392000000,,1147251000000,,629069000000,515445000000.0,,122483000000.0,124507000000.0,37181000000.0,23617000000.0,46127000000.0,676524000000,1803000000.0,-2898000000.0,,-3904000000.0,-3065000000.0,12.181339,2155057922.0,,-0.260119330644048,,-0.19582189364541314,-0.08118028387982876,-0.044513362812497,0.2273155569269497,,,,0.1979226444157954,0.44928703483370247,87326000000.0,,,0.0,,
BRK.B,2024-12-31,2025-02-24,2024,Q4,61253000000.0,,,44446000000,,35910000000,,,,8573000000,9687000000.0,1153881000000,,649368000000,502226000000.0,,122324000000.0,124762000000.0,47729000000.0,24008000000.0,43127000000.0,696218000000,4621000000.0,-726000000.0,14583000000.0,4268000000.0,1653000000.0,,,,0.7256134393417465,,0.5862569996571596,0.22119968954429536,0.1244842405759346,0.2123373207462468,,,,0.19212834633058604,0.43524938880179154,77033000000.0,,0.2380781349484923,-0.1822029372496662,-0.47545820400552324,-0.46798423656997246
BRK.B,2025-03-31,2025-05-05,2025,Q1,61291000000.0,,,15706000000,,12702000000,,,1257000000.0,2874000000,3265000000.0,1164532000000,,654471000000,507790000000.0,,124006000000.0,125927000000.0,42180000000.0,24034000000.0,46127000000.0,700821000000,10903000000.0,6622000000.0,4281000000.0,-16401000000.0,53000000.0,2.133334,2157333421.0,,0.2562529572041572,,0.20724086733778205,0.07763216399198743,0.04362954388544067,0.2105257734437525,,,,0.19241035890054717,0.43604641177743503,83747000000.0,12.494828957836118,0.06984712274232759,0.02587664239685329,-0.6490436181623168,-0.6422374943668319
BRK.B,2025-06-30,2025-08-04,2025,Q2,61406000000.0,,,14750000000,,12370000000,,,1253000000.0,2293000000,3329000000.0,1163968000000,,667989000000,493692000000.0,,124034000000.0,127020000000.0,100486000000.0,24371000000.0,46657000000.0,713191000000,10085000000.0,5227000000.0,,49358000000.0,-1166000000.0,5.734003,2157333421.0,,0.2402045402729375,,0.20144611275771096,0.07407307605364759,0.042509759718480235,0.21102298344971684,,,,0.19015283185800963,0.4241456809809204,26534000000.0,11.771747805267358,,-0.03326563705348006,-0.6132364894983874,-0.592394885989192
BRK.B,2025-09-30,2025-11-03,2025,Q3,63747000000.0,,,38105000000,,30796000000,,,1261000000.0,7241000000,3333000000.0,1225963000000,,698155000000,525522000000.0,,,,,25319000000.0,,743987000000,,,,,,,,,0.5977536197781856,,0.4830972437918647,0.17644219406865239,0.10047937825203535,0.20798996380804316,,,,,0.4286605713222993,,30.21808088818398,,-0.02224028712977591,,
BRK.B,2025-12-31,2026-03-02,2025,Q4,60800000000.0,,,13898000000,,11100000000,,,1298000000.0,2791000000,3549000000.0,1222176000000,,717419000000,502473000000.0,,125763000000.0,129081000000.0,51877000000.0,24424000000.0,43539000000.0,763186000000,11192000000.0,4990000000.0,16646000000.0,-38392000000.0,2511000000.0,,,,0.22858552631578946,,0.1825657894736842,0.061888519818962144,0.03632864661063546,0.19898934359699422,,,,0.17992414474665433,0.41112982090959077,77204000000.0,10.70724191063174,0.2737828947368421,-0.007395556136025991,-0.6873059442919498,-0.6908939014202172
AMZN,2019-03-31,2019-04-26,2019,Q1,59700000000.0,,33920000000.0,4420000000,,3561000000,,1173000000.0,366000000.0,836000000,4854000000.0,178102000000,69431000000.0,48410000000,129692000000.0,63695000000.0,25031000000.0,,,16432000000.0,15979000000.0,23193000000,,,3290000000.0,,,,,,0.07403685092127303,,0.05964824120603015,0.2942367279487709,0.07997664259806178,1.3408047074148521,1.0900541643771096,0.8320747311405918,5736000000.0,,0.7281894644641834,,12.076502732240437,0.05510887772194305,,,
AMZN,2019-06-30,2019-07-26,2019,Q2,63404000000.0,,36337000000.0,3084000000,,2625000000,,1270000000.0,383000000.0,257000000,5202000000.0,191351000000,76790000000.0,53061000000,138290000000.0,69678000000.0,25066000000.0,,,18580000000.0,16747000000.0,25818000000,,,3562000000.0,,,,,,0.04864046432401741,,0.04140117342754401,0.19788545259229942,0.054872982111407835,1.3253967839206484,1.1020695197910388,0.8354143345101753,7112000000.0,,0.7227033043987228,,8.052219321148826,0.05617942085672828,,,
AMZN,2019-09-30,2019-10-25,2019,Q3,69981000000.0,,41302000000.0,3157000000,,2134000000,,1348000000.0,396000000.0,494000000,5563000000.0,199099000000,79054000000.0,56508000000,142591000000.0,72136000000.0,25411000000.0,,,18766000000.0,16887000000.0,27952000000,,,4697000000.0,,,,,,0.045112244752147014,,0.030493991226189964,0.15105825723791322,0.04287314351151939,1.4059538219679657,1.095902184762116,0.8357546855938782,6918000000.0,,0.7161813971943606,,7.972222222222222,0.06711821780197483,,,
AMZN,2019-12-31,2020-01-31,2019,Q4,87437000000.0,,53977000000.0,3880000000,,3268000000,,1412000000.0,455000000.0,787000000,6170000000.0,225248000000,96334000000.0,62060000000,,87812000000.0,24820000000.0,,,20497000000.0,20816000000.0,31220000000,,,5312000000.0,,,,,,0.04437480700389995,,0.037375481775449755,0.21063486948114726,0.058033811620968885,1.5527241085381447,1.0970482394205803,0.8636291167494192,8522000000.0,,,,8.527472527472527,0.06075231309399911,,,
AMZN,2020-03-31,2020-05-01,2020,Q1,75452000000.0,,44257000000.0,3989000000,,2535000000,,1452000000.0,402000000.0,744000000,5362000000.0,221238000000,85985000000.0,65272000000,155966000000.0,79711000000.0,24849000000.0,,,18857000000.0,17836000000.0,33755000000,,,6795000000.0,,,,,,0.052868048560674334,,0.03359751895244659,0.1553499203333742,0.045832994331895964,1.364177944114483,1.0787093374816525,0.8421422388378016,6274000000.0,,0.7049693090698704,,9.922885572139304,0.09005725494354026,0.2638525963149079,-0.09751131221719457,-0.2881213142375737
AMZN,2020-06-30,2020-07-31,2020,Q2,63404000000.0,,36337000000.0,3084000000,,2625000000,,1270000000.0,403000000.0,257000000,5202000000.0,258314000000,110908000000.0,73728000000,184586000000.0,93896000000.0,34486000000.0,,,19599000000.0,19918000000.0,38998000000,,,3562000000.0,,,,,,0.04864046432401741,,0.04140117342754401,0.14241536458333334,0.04064820334941196,0.9818128324442346,1.181179176961745,0.9724482406066286,17012000000.0,,0.7145799298528148,,7.652605459057072,0.05617942085672828,0.0,0.0,0.0
AMZN,2020-09-30,2020-10-30,2020,Q3,96145000000.0,,57106000000.0,6194000000,,6331000000,,1668000000.0,428000000.0,569000000,6523000000.0,282179000000,112969000000.0,82775000000,199404000000.0,101912000000.0,33288000000.0,,,23735000000.0,20832000000.0,45329000000,,,11063000000.0,,,,,,0.06442352696448073,,0.06584845805814135,0.3059377831470855,0.08974445298906014,1.3628937660137714,1.1084955648010049,0.8755985556166104,11057000000.0,,0.7066578306677677,,14.47196261682243,0.1150657860523168,0.3738729083608408,0.9619892302819132,1.9667291471415183
AMZN,2020-12-31,2021-02-03,2020,Q4,151063000000.0,,95607000000.0,9632000000,,9840000000,,2278000000.0,414000000.0,1293000000,8164000000.0,321195000000,132733000000.0,93404000000,,126385000000.0,33174000000.0,,,23795000000.0,24542000000.0,52551000000,,,18720000000.0,,,,,,0.06376147699966239,,0.0651383859714159,0.4213952293263672,0.12254238079671227,1.881262161615218,1.0502274795268425,0.8619535546148672,6348000000.0,,,,23.265700483091788,0.12392180745781561,0.7276782140283862,1.4824742268041238,2.011015911872705
AMZN,2021-03-31,2021-04-30,2021,Q1,108518000000.0,,62403000000.0,8865000000,,8107000000,,1987000000.0,402000000.0,2156000000,7508000000.0,323077000000,121408000000.0,103320000000,219757000000.0,115404000000.0,33227000000.0,,,23849000000.0,24289000000.0,60658000000,,,12082000000.0,,,,,,0.08169151661475516,,0.07470650030409702,0.3138598528842431,0.1003723570542007,1.3435558705819355,1.0520259263110463,0.8453693112890368,6004000000.0,,0.6802000761428391,,22.05223880597015,0.11133636816012091,0.43823888034777075,1.2223614941087992,2.1980276134122287
AMZN,2021-06-30,2021-07-30,2021,Q2,113080000000.0,,64176000000.0,7702000000,,7778000000,,2158000000.0,435000000.0,868000000,8038000000.0,360319000000,140848000000.0,114803000000,245516000000.0,117792000000.0,51762000000.0,,,24119000000.0,26835000000.0,68436000000,,,14288000000.0,,,,,,0.06811107180756987,,0.0687831623629289,0.27100337099204724,0.086345710328903,1.255332080739567,1.19573485465906,0.9909756180385765,23056000000.0,,0.6813851059755384,,17.70574712643678,0.12635302440749913,0.7834836918806385,1.4974059662775616,1.9630476190476192
AMZN,2021-09-30,2021-10-29,2021,Q3,110812000000.0,,62930000000.0,4852000000,,3156000000,,2153000000.0,493000000.0,1155000000,8948000000.0,382406000000,138531000000.0,120564000000,261842000000.0,123994000000.0,51376000000.0,,,30933000000.0,28610000000.0,71592000000,,,15748000000.0,,,,,,0.043785871566256365,,0.028480669963541854,0.1047078729969145,0.03301203433000528,1.1591031521471944,1.117239543848896,0.8677677952158975,14537000000.0,,0.6847225200441416,,9.841784989858013,0.14211457242897882,0.15255083467679026,-0.21666128511462707,-0.5015005528352551
AMZN,2021-12-31,2022-02-04,2021,Q4,137412000000.0,,82835000000.0,3460000000,,14323000000,,2525000000.0,479000000.0,612000000,9802000000.0,420549000000,161580000000.0,138245000000,,142266000000.0,50553000000.0,,,32640000000.0,32891000000.0,85915000000,,,18935000000.0,,,,,,0.025179751404535267,,0.1042339824760574,0.41442366812542947,0.1362314498429434,1.30697730823281,1.1357597739445826,0.9063303951752352,19314000000.0,,,,7.223382045929019,0.13779728116903908,-0.09036627102599577,-0.6407807308970099,0.4555894308943089
AMZN,2022-03-31,2022-04-29,2022,Q1,108518000000.0,,62403000000.0,8865000000,,8107000000,,1987000000.0,472000000.0,2156000000,7508000000.0,410767000000,133876000000.0,134001000000,276766000000.0,139508000000.0,50553000000.0,,,34987000000.0,32504000000.0,82071000000,,,12082000000.0,,,,,,0.08169151661475516,,0.07470650030409702,0.24199819404332804,0.07894499801590683,1.0567353268397899,0.95962955529432,0.7088410700461623,-5632000000.0,,0.6737785654641195,,18.781779661016948,0.11133636816012091,0.0,0.0,0.0
AMZN,2022-06-30,2022-07-29,2022,Q2,113080000000.0,,64176000000.0,7702000000,,7778000000,,2158000000.0,584000000.0,868000000,8038000000.0,419728000000,133667000000.0,131402000000,288326000000.0,140291000000.0,63435000000.0,,,38153000000.0,34804000000.0,80043000000,,,14288000000.0,,,,,,0.06811107180756987,,0.0687831623629289,0.23676960776852712,0.07412419471657836,1.077650287805436,0.9527838564127421,0.6808277081209771,-6624000000.0,,0.6869353486067167,,13.188356164383562,0.12635302440749913,0.0,0.0,0.0
AMZN,2022-09-30,2022-10-28,2022,Q3,110812000000.0,,62930000000.0,4852000000,,3156000000,,2153000000.0,493000000.0,1155000000,8948000000.0,428362000000,131463000000.0,137489000000,290873000000.0,140363000000.0,63541000000.0,,,36647000000.0,36154000000.0,82915000000,,,15748000000.0,,,,,,0.043785871566256365,,0.028480669963541854,0.0918182545512732,0.029470401202721062,1.0347509816463645,0.9365929767816304,0.675505653199205,-8900000000.0,,0.679035488675466,,9.841784989858013,0.14211457242897882,0.0,0.0,0.0
AMZN,2022-12-31,2023-02-03,2022,Q4,181573000000.0,,99322000000.0,-9171000000,,-21763000000,,5593000000.0,818000000.0,-7396000000,17427000000.0,462675000000,146791000000.0,146043000000,,155393000000.0,70542000000.0,,,34405000000.0,42360000000.0,83193000000,,,21527000000.0,,,,,,-0.050508610861747065,,-0.1198581286865338,-0.5960710201789884,-0.1881493488950127,1.5697671151456205,0.9446435811136924,0.7232372114574016,-8602000000.0,,,,-11.211491442542787,0.11855837596999554,0.3213765901085786,-3.650578034682081,-2.519444250506179
AMZN,2023-03-31,2023-04-28,2023,Q1,116444000000.0,,66499000000.0,3669000000,,-3844000000,,2594000000.0,472000000.0,-1422000000,9193000000.0,464378000000,136221000000.0,154526000000,309852000000.0,147570000000.0,69472000000.0,,,34170000000.0,37646000000.0,86365000000,,,14951000000.0,,,,,,0.031508708048504,,-0.03301157638006252,-0.09950429054010328,-0.03311095702208115,1.0030104785325749,0.9230941248221183,0.691542996544013,-11349000000.0,,0.667240911498822,,7.773305084745763,0.12839648242932225,0.07303857424574725,-0.5861252115059221,-1.4741581349451092
AMZN,2023-06-30,2023-08-04,2023,Q2,134383000000.0,,69373000000.0,7681000000,,6750000000,,3202000000.0,584000000.0,804000000,11589000000.0,477607000000,140482000000.0,168602000000,309005000000.0,148238000000.0,67472000000.0,,,36587000000.0,39925000000.0,93115000000,,,11455000000.0,,,,,,0.05715752736581264,,0.050229567728060844,0.1601404491049928,0.05653183475116571,1.1254692665727262,0.9476787328485273,0.7008661746650656,-7756000000.0,,0.6469859110105171,,13.152397260273972,0.08524143678887955,0.18838875132649452,-0.0027265645286938455,-0.13216765235278993
AMZN,2023-09-30,2023-10-27,2023,Q3,143083000000.0,,75022000000.0,11188000000,,9879000000,,2561000000.0,806000000.0,2306000000,12131000000.0,486883000000,142995000000.0,182973000000,303910000000.0,145214000000.0,67472000000.0,,,35406000000.0,43420000000.0,102994000000,,,12479000000.0,,,,,,0.07819237785061817,,0.06904384168629397,0.21596629010837665,0.0811611824606733,1.1755021226865592,0.9847191042186015,0.740899637775972,-2219000000.0,,0.6241951351762127,,13.88089330024814,0.08721511290649483,0.2912229722412735,1.3058532563891179,2.1302281368821294
AMZN,2023-12-31,2024-02-02,2023,Q4,180875000000.0,,93845000000.0,14314000000,,17640000000,,3459000000.0,1320000000.0,5432000000,15750000000.0,527854000000,172351000000.0,201875000000,,164917000000.0,67182000000.0,,,33318000000.0,52253000000.0,113618000000,,,13844000000.0,,,,,,0.07913752591568762,,0.09752591568762958,0.3495232198142415,0.1336733263364491,1.370644155391453,1.0450772206625152,0.8430483212767634,7434000000.0,,,,10.843939393939394,0.07653904630269523,-0.0038441838819648294,,
AMZN,2024-03-31,2024-05-01,2024,Q1,127358000000.0,,67791000000.0,4774000000,,3172000000,,3043000000.0,644000000.0,948000000,11123000000.0,530969000000,163989000000.0,216661000000,314308000000.0,152965000000.0,66852000000.0,,,31147000000.0,47768000000.0,124049000000,,,14207000000.0,,,,,,0.037484885126964934,,0.024906170008951147,0.058561531609288245,0.023895933660910525,0.9594383099578319,1.0720687739025268,0.8684470303664237,11024000000.0,,0.5919516958617169,,7.413043478260869,0.11155168893983888,0.09372745697502662,0.3011719814663396,
AMZN,2024-06-30,2024-08-02,2024,Q2,147977000000.0,,73785000000.0,14672000000,,13485000000,,3041000000.0,,1767000000,12038000000.0,554818000000,173307000000.0,236447000000,318371000000.0,158172000000.0,62683000000.0,,,34109000000.0,50106000000.0,137534000000,,,17620000000.0,,,,,,0.09915054366556965,,0.0911290268082202,0.22812723358723097,0.09722107069345262,1.0668507510571035,1.095686973674228,0.8800419796171257,15135000000.0,,0.5738296161984651,,,0.1190725585732918,0.10115862869559393,0.9101679468819164,0.9977777777777778
AMZN,2024-09-30,2024-11-01,2024,Q3,143083000000.0,,75022000000.0,11188000000,,9879000000,,2561000000.0,,2306000000,12131000000.0,584626000000,175792000000.0,259151000000,325475000000.0,161477000000.0,60500000000.0,,,36103000000.0,51638000000.0,152862000000,,,12479000000.0,,,,,,0.07819237785061817,,0.06904384168629397,0.15248252949052868,0.06759193056757654,0.978971171312942,1.088650396031633,0.8650705673253776,14315000000.0,,0.5567234437058906,,,0.08721511290649483,0.0,0.0,0.0
AMZN,2024-12-31,2025-02-07,2024,Q4,219541000000.0,88899000000.0,109690000000.0,37959000000,38550000000.0,32712000000,,2714000000.0,,4244000000,17503000000.0,624894000000,190867000000.0,285970000000,,179431000000.0,58000000000.0,130900000000.0,78779000000.0,34214000000.0,55451000000.0,172866000000,45636000000.0,17802000000.0,38693000000.0,-37443000000.0,-3308000000.0,1.86,10771000000.0,0.4049311973617684,0.17290164479527742,0.17559362488100172,0.14900178098851696,0.45755848515578557,0.209392312936274,1.4053007390053354,1.063734806137178,0.8730542659852534,11436000000.0,0.45774032241144175,,52121000000.0,,0.17624498385267445,0.2137719419488597,1.6518792790275254,0.854421768707483
AMZN,2025-03-31,2025-05-02,2025,Q1,143313000000.0,78691000000.0,72633000000.0,15307000000,36482000000.0,10431000000,,2742000000.0,,2467000000,11684000000.0,643256000000,184645000000.0,305867000000,337389000000.0,176171000000.0,58750000000.0,133245000000.0,66207000000.0,35864000000.0,54216000000.0,189993000000,17015000000.0,-8004000000.0,14925000000.0,-29803000000.0,-47000000.0,1.59,10793000000.0,0.549084870179258,0.10680817511321374,0.25456169363560877,0.07278474388227167,0.13641223146007905,0.06486375564316539,0.8911724103622819,1.0481009927854188,0.8445260570695517,8474000000.0,0.435630519147211,0.5245019090377704,67038000000.0,,0.10414268070586757,0.12527677884388888,2.206325932132384,2.2884615384615383
AMZN,2025-06-30,2025-08-01,2025,Q2,167702000000.0,86893000000.0,80809000000.0,19171000000,36600000000.0,18164000000,,2965000000.0,,2678000000,15227000000.0,682170000000,191420000000.0,333775000000,348395000000.0,186921000000.0,56082000000.0,133939000000.0,57741000000.0,40825000000.0,57415000000.0,208157000000,32515000000.0,332000000.0,32183000000.0,-39424000000.0,-2539000000.0,1.68,10806000000.0,0.5181393185531479,0.11431586981669867,0.21824426661578275,0.10831117100571251,0.2176795745637031,0.10650717563070788,0.9833443276602606,1.0240689917130767,0.8056612151657652,4499000000.0,0.4012852969814995,0.5107158039784805,76198000000.0,,0.1919058806692824,0.13329774221669582,0.3066384950926936,0.34697812384130516
AMZN,2025-09-30,2025-10-31,2025,Q3,180169000000.0,91499000000.0,88670000000.0,17422000000,45504000000.0,21187000000,,2875000000.0,,6910000000,16796000000.0,727921000000,196866000000.0,369631000000,358290000000.0,195196000000.0,55097000000.0,135419000000.0,66922000000.0,41494000000.0,61175000000.0,229344000000,35525000000.0,430000000.0,35095000000.0,-26073000000.0,-44000000.0,1.95,10845000000.0,0.5078509621522015,0.09669810011711227,0.2525628715261782,0.11759514677885763,0.2292773062865398,0.11642472191350435,0.9900469968581755,1.0085555031865407,0.7959794258079059,1670000000.0,0.3663626697977172,0.49221000630562933,68497000000.0,,0.1947893366783409,0.25919221710475737,0.5572041473006794,1.1446502682457738
AMZN,2025-12-31,2026-02-06,2025,Q4,225740000000.0,103427000000.0,114302000000.0,28075000000,46755000000.0,27888000000,,2590000000.0,,7032000000,22049000000.0,818042000000,229083000000.0,411065000000,,218005000000.0,68836000000.0,152987000000.0,86810000000.0,38325000000.0,67729000000.0,250536000000,54459000000.0,14937000000.0,49616000000.0,-47245000000.0,12291000000.0,1.95,10863000000.0,0.45816868964295204,0.124368742801453,0.20711880924957915,0.12354035616195623,0.271373140500894,0.13636463653455447,1.1038064060280524,1.0508153482718285,0.8750166280589895,11078000000.0,0.37217228418863196,,66177000000.0,,0.21979268184637193,0.028236183674120095,-0.2603862061698148,-0.1474688187820983
XOM,2019-03-31,2019-05-02,2019,Q1,,,,4289000000,,2350000000,,2770000000.0,181000000.0,1883000000,4571000000.0,356189000000,51576000000.0,191222000000,158168000000.0,66632000000.0,,,,,27105000000.0,420498000000,,,5199000000.0,,,,,,,,,0.04915752371589043,0.026390483703876314,,0.7740425021010926,0.7740425021010926,-15056000000.0,,0.44405638579518175,,23.696132596685082,,,,
XOM,2019-06-30,2019-08-07,2019,Q2,,,,4632000000,,3130000000,,2827000000.0,216000000.0,1241000000,4631000000.0,360729000000,51743000000.0,191377000000,162264000000.0,70287000000.0,,,,,27132000000.0,419913000000,,,,,,,,,,,,0.06542060958213369,0.034707495100199874,,0.7361674278316047,0.7361674278316047,-18544000000.0,,0.4498224428864882,,21.444444444444443,,,,
XOM,2019-09-30,2019-11-06,2019,Q3,63422000000.0,,,4721000000,,3170000000,,2753000000.0,232000000.0,1474000000,4873000000.0,359361000000,50008000000.0,189915000000,162252000000.0,64195000000.0,,,,,25308000000.0,419367000000,,,,,,,,,0.07443789221405821,,0.04998265586074233,0.06676671142353158,0.03528485283600613,0.7059419358249782,0.7790014798660332,0.7790014798660332,-14187000000.0,,0.45150141501164565,,20.349137931034484,,,,
XOM,2019-12-31,2020-02-26,2019,Q4,192161000000.0,,,6414000000,,5690000000,,3048000000.0,201000000.0,684000000,4923000000.0,362597000000,50052000000.0,191650000000,163659000000.0,63989000000.0,,,,,21100000000.0,421341000000,,,19162000000.0,,,,,,0.03337826093744308,,0.02961058695572983,0.11875815288285937,0.06276941066804193,2.1198300041092453,0.7821969400990795,0.7821969400990795,-13937000000.0,,0.45135232779090834,,31.91044776119403,0.0997184652452891,,,
XOM,2020-03-31,2020-05-06,2020,Q1,55134000000.0,,,-258000000,,-610000000,,2579000000.0,249000000.0,512000000,5819000000.0,355804000000,50249000000.0,182079000000,167061000000.0,64773000000.0,,,,,20871000000.0,416919000000,,,5945000000.0,,,,,,-0.004679508107519861,,-0.011063953277469438,-0.0134007765859874,-0.006857708176411732,0.6198243977021056,0.7757707686844827,0.7757707686844827,-14524000000.0,,0.4695309777293116,,-1.036144578313253,0.10782820038451772,,-1.0601538820237817,-1.2595744680851064
XOM,2020-06-30,2020-08-05,2020,Q2,32277000000.0,,,4632000000,,3130000000,,2827000000.0,216000000.0,1241000000,4631000000.0,361495000000,53016000000.0,180183000000,174342000000.0,57270000000.0,,,,,19036000000.0,412124000000,,,,,,,,,0.14350776094432569,,0.0969730768039161,0.06948491256111843,0.034633950677049476,0.3571501680521169,0.9257202723939235,0.9257202723939235,-4254000000.0,,0.4822805294679041,,21.444444444444443,,,0.0,0.0
XOM,2020-09-30,2020-11-04,2020,Q3,45425000000.0,,,-372000000,,-680000000,,2444000000.0,279000000.0,337000000,4983000000.0,358043000000,48693000000.0,177400000000,173431000000.0,56468000000.0,,,,,19974000000.0,407728000000,,,,,,,,,-0.008189323059988993,,-0.014969730324711062,-0.015332581736189402,-0.007596852891971076,0.507480945026156,0.8623113976057236,0.8623113976057236,-7775000000.0,,0.4843859536424396,,-1.3333333333333333,,-0.2837658856548201,-1.0787968650709596,-1.2145110410094637
XOM,2020-12-31,2021-02-24,2020,Q4,45738000000.0,,,-32885000000,,-24280000000,,2318000000.0,414000000.0,-7722000000,30576000000.0,332750000000,44893000000.0,157150000000,168620000000.0,56363000000.0,,,,,16339000000.0,383943000000,,,11337000000.0,,,,,,-0.7189864008045826,,-0.5308496217587126,-0.6180082723512568,-0.2918707738542449,0.5498181818181819,0.7964977023934141,0.7964977023934141,-11470000000.0,,0.5067468069120962,,-79.43236714975845,0.24786829332283877,-0.761980838983977,-6.127065793576551,-5.26713532513181
XOM,2021-03-31,2021-05-05,2021,Q1,55134000000.0,,,3592000000,,2730000000,,2428000000.0,258000000.0,796000000,5004000000.0,333770000000,48195000000.0,156974000000,169669000000.0,60150000000.0,,,,,24755000000.0,382953000000,,,2400000000.0,,,,,,0.06515036093880364,,0.049515725323756664,0.0695656605552512,0.03271714054588489,0.6607424274200797,0.8012468827930175,0.8012468827930175,-11955000000.0,,0.5083410731941157,,13.922480620155039,0.04353030797692894,0.0,,
XOM,2021-06-30,2021-08-04,2021,Q2,65943000000.0,,,6307000000,,4690000000,,2345000000.0,254000000.0,1526000000,4952000000.0,337289000000,52842000000.0,158571000000,171733000000.0,62238000000.0,,,,,28540000000.0,383922000000,,,,,,,,,0.09564320701211652,,0.07112202963165158,0.11830662605394429,0.05561995795890171,0.782035583727901,0.8490311385327292,0.8490311385327292,-9396000000.0,,0.5091568358292147,,24.830708661417322,,1.0430337391950926,0.36161485319516407,0.4984025559105431
XOM,2021-09-30,2021-11-03,2021,Q3,71892000000.0,,,9606000000,,6750000000,,2287000000.0,214000000.0,2664000000,4990000000.0,336688000000,55555000000.0,160589000000,169182000000.0,61856000000.0,,,,,29516000000.0,386952000000,,,,,,,,,0.13361709230512436,,0.09389083625438158,0.16813106750773715,0.08019293826925819,0.8541082545264459,0.8981343766166581,0.8981343766166581,-6301000000.0,,0.5024889511951718,,44.88785046728972,,0.582652724270776,,
XOM,2021-12-31,2022-02-23,2021,Q4,83723000000.0,,,11729000000,,8870000000,,2514000000.0,221000000.0,2650000000,5661000000.0,338923000000,59154000000.0,168577000000,163240000000.0,56643000000.0,,,,,26883000000.0,392059000000,,,9676000000.0,,,,,,0.1400929254804534,,0.10594460303620272,0.21046762013797848,0.10468454486712321,0.9881064430563874,1.0443302791165723,1.0443302791165723,2511000000.0,,0.48164332311468977,,53.07239819004525,0.11557158725798168,0.8304910577637851,,
XOM,2022-03-31,2022-05-04,2022,Q1,87734000000.0,,,3592000000,,2730000000,,2428000000.0,258000000.0,796000000,5004000000.0,354771000000,77255000000.0,169215000000,178245000000.0,72059000000.0,,,,,42142000000.0,393779000000,,,3911000000.0,,,,,,0.04094193813116922,,0.031116784826863017,0.06453328605620069,0.03078041891811901,0.9891902100228035,1.0721075785120526,1.0721075785120526,5196000000.0,,0.5024226895659454,,13.922480620155039,0.04457792873914332,0.5912866833532847,0.0,0.0
XOM,2022-06-30,2022-08-03,2022,Q2,111265000000.0,,,6307000000,,4690000000,,2345000000.0,254000000.0,1526000000,4952000000.0,367774000000,93163000000.0,177316000000,183266000000.0,80110000000.0,,,,,48063000000.0,407902000000,,,,,,,,,0.05668449197860963,,0.04215162000629129,0.10579981501951319,0.05100958740965919,1.2101453610097506,1.1629384596180252,1.1629384596180252,13053000000.0,,0.49831146301804913,,24.830708661417322,,0.6872905387986594,0.0,0.0
XOM,2022-09-30,2022-11-02,2022,Q3,106512000000.0,,,9606000000,,6750000000,,2287000000.0,214000000.0,2664000000,4990000000.0,370152000000,99289000000.0,186100000000,177109000000.0,74057000000.0,,,,,42411000000.0,423877000000,,,,,,,,,0.09018702118071203,,0.06337314105452907,0.14508328855454056,0.07294300719704337,1.1510082344550348,1.3407105337780358,1.3407105337780358,25232000000.0,,0.4784764096911539,,44.88785046728972,,0.4815556668335837,0.0,0.0
XOM,2022-12-31,2023-02-22,2022,Q4,,,,58248000000,,41570000000,,3035000000.0,72000000.0,15190000000,9094000000.0,369067000000,97631000000.0,195049000000,166594000000.0,69045000000.0,,,,,32844000000.0,432860000000,,,14496000000.0,,,,,,,,,0.852503729831991,0.45054150059474296,,1.414019842131943,1.414019842131943,28586000000.0,,0.45139229462401137,,809.0,,,3.9661522721459628,3.6865839909808344
XOM,2023-03-31,2023-05-02,2023,Q1,87734000000.0,,,8556000000,,5480000000,,2409000000.0,188000000.0,2806000000,8883000000.0,369371000000,97224000000.0,198685000000,162957000000.0,66666000000.0,,,,,38808000000.0,440552000000,,,5412000000.0,,,,,,0.09752205530353113,,0.062461531447329424,0.11032538943553867,0.05934412826128743,0.9500908300868233,1.4583745837458375,1.4583745837458375,30558000000.0,,0.4411743206694624,,45.51063829787234,0.061686461349077897,0.0,1.3819599109131404,1.0073260073260073
XOM,2023-06-30,2023-08-01,2023,Q2,80795000000.0,,,11656000000,,7880000000,,2449000000.0,249000000.0,3503000000,4242000000.0,363248000000,91760000000.0,199046000000,156251000000.0,61815000000.0,,,,,35915000000.0,444731000000,,,,,,,,,0.14426635311591063,,0.09753078779627453,0.15835535504355777,0.08677267321499361,0.8896951944676915,1.4844293456280837,1.4844293456280837,29945000000.0,,0.43014964982601417,,46.81124497991968,,-0.27385071675729117,0.8481052798477882,0.6801705756929638
XOM,2023-09-30,2023-10-31,2023,Q3,,,,13699000000,,9070000000,,2489000000.0,169000000.0,4353000000,4415000000.0,372259000000,101142000000.0,199703000000,164726000000.0,71186000000.0,,,,,41814000000.0,450138000000,,,,,,,,,,,,0.18166977962273978,0.09745902718268733,,1.4208130812238362,1.4208130812238362,29956000000.0,,0.44250374067517506,,81.05917159763314,,,0.426087861753071,0.3437037037037037
XOM,2023-12-31,2024-02-28,2023,Q4,,,,18872000000,,13580000000,,2572000000.0,243000000.0,4767000000,3101000000.0,376317000000,96609000000.0,204802000000,163779000000.0,65316000000.0,,,,,30296000000.0,453927000000,,,16507000000.0,,,,,,,,,0.26523178484585114,0.1443463888158122,,1.4791015983832445,1.4791015983832445,31293000000.0,,0.43521552308293276,,77.66255144032922,,,-0.6760060431259443,-0.6733221072889103
XOM,2024-03-31,2024-04-29,2024,Q1,,,,16803000000,,11430000000,,2390000000.0,159000000.0,4960000000,4244000000.0,377918000000,99377000000.0,205250000000,164866000000.0,71921000000.0,,,,,40366000000.0,458339000000,,,5074000000.0,,,,,,,,,0.22275274056029232,0.12097862499272329,,1.3817522003309186,1.3817522003309186,27456000000.0,,0.4362480749792283,,105.67924528301887,,,0.9638849929873773,1.0857664233576643
XOM,2024-06-30,2024-08-05,2024,Q2,,,,13665000000,,9240000000,,2568000000.0,271000000.0,4094000000,5787000000.0,460707000000,96238000000.0,268405000000,184441000000.0,70763000000.0,,,,,43071000000.0,463294000000,,,,,,,,,,,,0.13770235278776477,0.08022452448085225,,1.3600045221372752,1.3600045221372752,25475000000.0,,0.40034338527524,,50.42435424354244,,,0.17235758407687027,0.17258883248730963
XOM,2024-09-30,2024-11-04,2024,Q3,,,,13699000000,,9070000000,,2489000000.0,169000000.0,4353000000,4415000000.0,461916000000,94349000000.0,268592000000,185516000000.0,69993000000.0,,,,,41505000000.0,467664000000,,,,,,,,,,,,0.13507476023113124,0.07854241896795089,,1.347977654908348,1.347977654908348,24356000000.0,,0.40162280587812504,,81.05917159763314,,,0.0,0.0
XOM,2024-12-31,2025-02-19,2024,Q4,,17247000000.0,,4706000000,16695000000.0,3940000000,,2529000000.0,397000000.0,403000000,8996000000.0,453475000000,91990000000.0,263705000000,182869000000.0,70307000000.0,32804000000.0,41710000000.0,23029000000.0,23524000000.0,35282000000.0,470903000000,12229000000.0,5392000000.0,19232000000.0,-4252000000.0,-11143000000.0,1.72,4424418605.0,,,,,0.05976375116133558,0.03475384530569491,,1.3084045685351386,0.9738148406275335,21683000000.0,0.15816916630325553,0.403261480787254,18681000000.0,11.853904282115868,,,-0.7506358626536668,-0.7098674521354934
XOM,2025-03-31,2025-05-05,2025,Q1,,18485000000.0,,12369000000,17507000000.0,8220000000,,2495000000.0,221000000.0,3803000000,4812000000.0,451908000000,91233000000.0,262720000000,182102000000.0,73829000000.0,32823000000.0,37551000000.0,17036000000.0,24478000000.0,46303000000.0,474290000000,12953000000.0,7055000000.0,5898000000.0,-4135000000.0,-13579000000.0,1.76,4382386364.0,,,,,0.1251522533495737,0.07275817201731326,,1.2357339256931559,0.9041839927399802,17404000000.0,0.1429316382460414,0.40296254989953706,20515000000.0,55.9683257918552,,,-0.26388144974111766,-0.28083989501312334
XOM,2025-06-30,2025-08-04,2025,Q2,,17947000000.0,,10705000000,16951000000.0,7082000000,,2528000000.0,145000000.0,3351000000,6101000000.0,447597000000,85108000000.0,262593000000,177635000000.0,68161000000.0,33570000000.0,38989000000.0,14352000000.0,25371000000.0,41792000000.0,477061000000,11550000000.0,5267000000.0,,-6180000000.0,-8685000000.0,1.64,4331000000.0,,,,,0.1078779708522314,0.06328907477038496,,1.2486319156115668,0.8764102639339212,16947000000.0,0.1484769205576691,0.3968636965842041,24637000000.0,73.82758620689656,,,-0.21661178192462496,-0.23354978354978356
XOM,2025-09-30,2025-11-03,2025,Q3,,18834000000.0,,10932000000,17497000000.0,7548000000,,3032000000.0,90000000.0,3164000000,6475000000.0,454340000000,88505000000.0,260561000000,186117000000.0,77850000000.0,32824000000.0,42036000000.0,13814000000.0,27238000000.0,45285000000.0,480367000000,14788000000.0,6061000000.0,,-8479000000.0,-8083000000.0,1.76,4288636364.0,,,,,0.11587305851604807,0.06645243650129859,,1.1368657675016056,0.7869877970456005,10655000000.0,0.16132882511196994,0.4096425584364133,28222000000.0,121.46666666666667,,,-0.20198554639024746,-0.16780595369349505
XOM,2025-12-31,2026-02-18,2025,Q4,,15974000000.0,,7262000000,15909000000.0,5994000000,,3073000000.0,147000000.0,1186000000,8605000000.0,448980000000,83382000000.0,259386000000,182354000000.0,72330000000.0,27928000000.0,43537000000.0,10681000000.0,26302000000.0,35744000000.0,482494000000,12679000000.0,5229000000.0,22460000000.0,-7133000000.0,-8734000000.0,1.53,4249019608.0,,,,,0.09243367028289884,0.053401042362688764,,1.1527996681874741,0.7891607908198535,11052000000.0,0.16784637567177874,0.40615172168025304,32856000000.0,49.40136054421769,,,0.5431364215894603,0.5213197969543147
