date,ticker,open,high,low,close,adj_close,volume,dividends,stock_splits
2025-07-01,AAPL,206.6699981689453,210.19000244140625,206.13999938964844,207.82000732421875,207.18951416015625,78788900,0.0,0.0
2025-07-02,AAPL,208.91000366210938,213.33999633789062,208.13999938964844,212.44000244140625,211.7954864501953,67941800,0.0,0.0
2025-07-03,AAPL,212.14999389648438,214.64999389648438,211.80999755859375,213.5500030517578,212.90211486816406,34955800,0.0,0.0
2025-07-07,AAPL,212.67999267578125,216.22999572753906,208.8000030517578,209.9499969482422,209.31304931640625,50229000,0.0,0.0
2025-07-08,AAPL,210.10000610351562,211.42999267578125,208.4499969482422,210.00999450683594,209.3728485107422,42848900,0.0,0.0
2025-07-09,AAPL,209.52999877929688,211.3300018310547,207.22000122070312,211.13999938964844,210.4994354248047,48749400,0.0,0.0
2025-07-10,AAPL,210.50999450683594,213.47999572753906,210.02999877929688,212.41000366210938,211.7655792236328,44443600,0.0,0.0
2025-07-11,AAPL,210.57000732421875,212.1300048828125,209.86000061035156,211.16000366210938,210.51937866210938,39765800,0.0,0.0
2025-07-14,AAPL,209.92999267578125,210.91000366210938,207.5399932861328,208.6199951171875,207.987060546875,38840100,0.0,0.0
2025-07-15,AAPL,209.22000122070312,211.88999938964844,208.9199981689453,209.11000061035156,208.4755859375,42296300,0.0,0.0
2025-07-16,AAPL,210.3000030517578,212.39999389648438,208.63999938964844,210.16000366210938,209.52239990234375,47490500,0.0,0.0
2025-07-17,AAPL,210.57000732421875,211.8000030517578,209.58999633789062,210.02000427246094,209.38282775878906,48068100,0.0,0.0
2025-07-18,AAPL,210.8699951171875,211.7899932861328,209.6999969482422,211.17999267578125,210.539306640625,48974600,0.0,0.0
2025-07-21,AAPL,212.10000610351562,215.77999877929688,211.6300048828125,212.47999572753906,211.83535766601562,51377400,0.0,0.0
2025-07-22,AAPL,213.13999938964844,214.9499969482422,212.22999572753906,214.39999389648438,213.74952697753906,46404100,0.0,0.0
2025-07-23,AAPL,215.0,215.14999389648438,212.41000366210938,214.14999389648438,213.5002899169922,46989300,0.0,0.0
2025-07-24,AAPL,213.89999389648438,215.69000244140625,213.52999877929688,213.75999450683594,213.11148071289062,46022600,0.0,0.0
2025-07-25,AAPL,214.6999969482422,215.24000549316406,213.39999389648438,213.8800048828125,213.23110961914062,40268800,0.0,0.0
2025-07-28,AAPL,214.02999877929688,214.85000610351562,213.05999755859375,214.0500030517578,213.40061950683594,37858000,0.0,0.0
2025-07-29,AAPL,214.17999267578125,214.80999755859375,210.82000732421875,211.27000427246094,210.62904357910156,51411700,0.0,0.0
2025-07-30,AAPL,211.89999389648438,212.38999938964844,207.72000122070312,209.0500030517578,208.41578674316406,45512500,0.0,0.0
2025-07-31,AAPL,208.49000549316406,209.83999633789062,207.16000366210938,207.57000732421875,206.9402618408203,80698400,0.0,0.0
2025-08-01,AAPL,210.8699951171875,213.5800018310547,201.5,202.3800048828125,201.76600646972656,104434500,0.0,0.0
2025-08-04,AAPL,204.50999450683594,207.8800048828125,201.67999267578125,203.35000610351562,202.7330780029297,75109300,0.0,0.0
2025-08-05,AAPL,203.39999389648438,205.33999633789062,202.16000366210938,202.9199981689453,202.3043670654297,44155100,0.0,0.0
2025-08-06,AAPL,205.6300048828125,215.3800048828125,205.58999633789062,213.25,212.60302734375,108483100,0.0,0.0
2025-08-07,AAPL,218.8800048828125,220.85000610351562,216.5800018310547,220.02999877929688,219.36245727539062,90224800,0.0,0.0
2025-08-08,AAPL,220.8300018310547,231.0,219.25,229.35000610351562,228.6541748046875,113854000,0.0,0.0
2025-08-11,AAPL,227.9199981689453,229.55999755859375,224.75999450683594,227.17999267578125,226.747802734375,61806100,0.26,0.0
2025-08-12,AAPL,228.00999450683594,230.8000030517578,227.07000732421875,229.64999389648438,229.21310424804688,55626200,0.0,0.0
2025-08-13,AAPL,231.07000732421875,235.0,230.42999267578125,233.3300018310547,232.88612365722656,69878500,0.0,0.0
2025-08-14,AAPL,234.05999755859375,235.1199951171875,230.85000610351562,232.77999877929688,232.337158203125,51916300,0.0,0.0
2025-08-15,AAPL,234.0,234.27999877929688,229.33999633789062,231.58999633789062,231.1494140625,56038700,0.0,0.0
2025-08-18,AAPL,231.6999969482422,233.1199951171875,230.11000061035156,230.88999938964844,230.4507598876953,37476200,0.0,0.0
2025-08-19,AAPL,231.27999877929688,232.8699951171875,229.35000610351562,230.55999755859375,230.1213836669922,39402600,0.0,0.0
2025-08-20,AAPL,229.97999572753906,230.47000122070312,225.77000427246094,226.00999450683594,225.5800323486328,42263900,0.0,0.0
2025-08-21,AAPL,226.27000427246094,226.52000427246094,223.77999877929688,224.89999389648438,224.47215270996094,30621200,0.0,0.0
2025-08-22,AAPL,226.1699981689453,229.08999633789062,225.41000366210938,227.75999450683594,227.3267059326172,42477800,0.0,0.0
2025-08-25,AAPL,226.47999572753906,229.3000030517578,226.22999572753906,227.16000366210938,226.72784423828125,30983100,0.0,0.0
2025-08-26,AAPL,226.8699951171875,229.49000549316406,224.69000244140625,229.30999755859375,228.87376403808594,54575100,0.0,0.0
2025-08-27,AAPL,228.61000061035156,230.89999389648438,228.25999450683594,230.49000549316406,230.05152893066406,31259500,0.0,0.0
2025-08-28,AAPL,230.82000732421875,233.41000366210938,229.33999633789062,232.55999755859375,232.11758422851562,38074700,0.0,0.0
2025-08-29,AAPL,232.50999450683594,233.3800048828125,231.3699951171875,232.13999938964844,231.69837951660156,39418400,0.0,0.0
2025-09-02,AAPL,229.25,230.85000610351562,226.97000122070312,229.72000122070312,229.28298950195312,44075600,0.0,0.0
2025-09-03,AAPL,237.2100067138672,238.85000610351562,234.36000061035156,238.47000122070312,238.01634216308594,66427800,0.0,0.0
2025-09-04,AAPL,238.4499969482422,239.89999389648438,236.74000549316406,239.77999877929688,239.32383728027344,47549400,0.0,0.0
2025-09-05,AAPL,240.0,241.32000732421875,238.49000549316406,239.69000244140625,239.2340087890625,54870400,0.0,0.0
2025-09-08,AAPL,239.3000030517578,240.14999389648438,236.33999633789062,237.8800048828125,237.42745971679688,48999500,0.0,0.0
2025-09-09,AAPL,237.0,238.77999877929688,233.36000061035156,234.35000610351562,233.9041748046875,66313900,0.0,0.0
2025-09-10,AAPL,232.19000244140625,232.4199981689453,225.9499969482422,226.7899932861328,226.35855102539062,83440800,0.0,0.0
2025-09-11,AAPL,226.8800048828125,230.4499969482422,226.64999389648438,230.02999877929688,229.59239196777344,50208600,0.0,0.0
2025-09-12,AAPL,229.22000122070312,234.50999450683594,229.02000427246094,234.07000732421875,233.6247100830078,55824200,0.0,0.0
2025-09-15,AAPL,237.0,238.19000244140625,235.02999877929688,236.6999969482422,236.24969482421875,42699500,0.0,0.0
2025-09-16,AAPL,237.17999267578125,241.22000122070312,236.32000732421875,238.14999389648438,237.6969451904297,63421100,0.0,0.0
2025-09-17,AAPL,238.97000122070312,240.10000610351562,237.72999572753906,238.99000549316406,238.5353546142578,46508000,0.0,0.0
2025-09-18,AAPL,239.97000122070312,241.1999969482422,236.64999389648438,237.8800048828125,237.42745971679688,44249600,0.0,0.0
2025-09-19,AAPL,241.22999572753906,246.3000030517578,240.2100067138672,245.5,245.032958984375,163741300,0.0,0.0
2025-09-22,AAPL,248.3000030517578,256.6400146484375,248.1199951171875,256.0799865722656,255.5928192138672,105517400,0.0,0.0
2025-09-23,AAPL,255.8800048828125,257.3399963378906,253.5800018310547,254.42999267578125,253.9459686279297,60275200,0.0,0.0
2025-09-24,AAPL,255.22000122070312,255.74000549316406,251.0399932861328,252.30999755859375,251.8300018310547,42303700,0.0,0.0
2025-09-25,AAPL,253.2100067138672,257.1700134277344,251.7100067138672,256.8699951171875,256.3813171386719,55202100,0.0,0.0
2025-09-26,AAPL,254.10000610351562,257.6000061035156,253.77999877929688,255.4600067138672,254.97401428222656,46076300,0.0,0.0
2025-09-29,AAPL,254.55999755859375,255.0,253.00999450683594,254.42999267578125,253.9459686279297,40127700,0.0,0.0
2025-09-30,AAPL,254.86000061035156,255.9199981689453,253.11000061035156,254.6300048828125,254.14559936523438,37704300,0.0,0.0
2025-10-01,AAPL,255.0399932861328,258.7900085449219,254.92999267578125,255.4499969482422,254.9640350341797,48713900,0.0,0.0
2025-10-02,AAPL,256.5799865722656,258.17999267578125,254.14999389648438,257.1300048828125,256.6408386230469,42630200,0.0,0.0
2025-10-03,AAPL,254.6699981689453,259.239990234375,253.9499969482422,258.0199890136719,257.5291442871094,49155600,0.0,0.0
2025-10-06,AAPL,257.989990234375,259.07000732421875,255.0500030517578,256.69000244140625,256.20166015625,44664100,0.0,0.0
2025-10-07,AAPL,256.80999755859375,257.3999938964844,255.42999267578125,256.4800109863281,255.99209594726562,31955800,0.0,0.0
2025-10-08,AAPL,256.5199890136719,258.5199890136719,256.1099853515625,258.05999755859375,257.569091796875,36496900,0.0,0.0
2025-10-09,AAPL,257.80999755859375,258.0,253.13999938964844,254.0399932861328,253.55670166015625,38322000,0.0,0.0
2025-10-10,AAPL,254.94000244140625,256.3800048828125,244.0,245.27000427246094,244.80340576171875,61999100,0.0,0.0
2025-10-13,AAPL,249.3800048828125,249.69000244140625,245.55999755859375,247.66000366210938,247.18885803222656,38142900,0.0,0.0
2025-10-14,AAPL,246.60000610351562,248.85000610351562,244.6999969482422,247.77000427246094,247.29864501953125,35478000,0.0,0.0
2025-10-15,AAPL,249.49000549316406,251.82000732421875,247.47000122070312,249.33999633789062,248.86566162109375,33893600,0.0,0.0
2025-10-16,AAPL,248.25,249.0399932861328,245.1300048828125,247.4499969482422,246.97926330566406,39777000,0.0,0.0
2025-10-17,AAPL,248.02000427246094,253.3800048828125,247.27000427246094,252.2899932861328,251.81002807617188,49147000,0.0,0.0
2025-10-20,AAPL,255.88999938964844,264.3800048828125,255.6300048828125,262.239990234375,261.7411193847656,90483000,0.0,0.0
2025-10-21,AAPL,261.8800048828125,265.2900085449219,261.8299865722656,262.7699890136719,262.27008056640625,46695900,0.0,0.0
2025-10-22,AAPL,262.6499938964844,262.8500061035156,255.42999267578125,258.45001220703125,257.9583435058594,45015300,0.0,0.0
2025-10-23,AAPL,259.94000244140625,260.6199951171875,258.010009765625,259.5799865722656,259.0861511230469,32754900,0.0,0.0
2025-10-24,AAPL,261.19000244140625,264.1300048828125,259.17999267578125,262.82000732421875,262.3200378417969,38253700,0.0,0.0
2025-10-27,AAPL,264.8800048828125,269.1199951171875,264.6499938964844,268.80999755859375,268.2986145019531,44888200,0.0,0.0
2025-10-28,AAPL,268.989990234375,269.8900146484375,268.1499938964844,269.0,268.4882507324219,41534800,0.0,0.0
2025-10-29,AAPL,269.2799987792969,271.4100036621094,267.1099853515625,269.70001220703125,269.1869201660156,51086700,0.0,0.0
2025-10-30,AAPL,271.989990234375,274.1400146484375,268.4800109863281,271.3999938964844,270.8836669921875,69886500,0.0,0.0
2025-10-31,AAPL,276.989990234375,277.32000732421875,269.1600036621094,270.3699951171875,269.85565185546875,86167100,0.0,0.0
2025-11-03,AAPL,270.4200134277344,270.8500061035156,266.25,269.04998779296875,268.53814697265625,50194600,0.0,0.0
2025-11-04,AAPL,268.3299865722656,271.489990234375,267.6199951171875,270.0400085449219,269.5262756347656,49274800,0.0,0.0
2025-11-05,AAPL,268.6099853515625,271.70001220703125,266.92999267578125,270.1400146484375,269.6260986328125,43683100,0.0,0.0
2025-11-06,AAPL,267.8900146484375,273.3999938964844,267.8900146484375,269.7699890136719,269.25677490234375,51204000,0.0,0.0
2025-11-07,AAPL,269.79998779296875,272.2900085449219,266.7699890136719,268.4700012207031,267.9592590332031,48227400,0.0,0.0
2025-11-10,AAPL,268.9599914550781,273.7300109863281,267.4599914550781,269.42999267578125,269.1781311035156,41312400,0.26,0.0
2025-11-11,AAPL,269.80999755859375,275.9100036621094,269.79998779296875,275.25,274.99267578125,46208300,0.0,0.0
2025-11-12,AAPL,275.0,275.7300109863281,271.70001220703125,273.4700012207031,273.21435546875,48398000,0.0,0.0
2025-11-13,AAPL,274.1099853515625,276.70001220703125,272.0899963378906,272.95001220703125,272.6948547363281,49602800,0.0,0.0
2025-11-14,AAPL,271.04998779296875,275.9599914550781,269.6000061035156,272.4100036621094,272.15533447265625,47431300,0.0,0.0
2025-11-17,AAPL,268.82000732421875,270.489990234375,265.7300109863281,267.4599914550781,267.2099609375,45018300,0.0,0.0
2025-11-18,AAPL,269.989990234375,270.7099914550781,265.32000732421875,267.44000244140625,267.19000244140625,45677300,0.0,0.0
2025-11-19,AAPL,265.5299987792969,272.2099914550781,265.5,268.55999755859375,268.3089294433594,40424500,0.0,0.0
2025-11-20,AAPL,270.8299865722656,275.42999267578125,265.9200134277344,266.25,266.0010986328125,45823600,0.0,0.0
2025-11-21,AAPL,265.95001220703125,273.3299865722656,265.6700134277344,271.489990234375,271.2361755371094,59030800,0.0,0.0
2025-11-24,AAPL,270.8999938964844,277.0,270.8999938964844,275.9200134277344,275.6620788574219,65585800,0.0,0.0
2025-11-25,AAPL,275.2699890136719,280.3800048828125,275.25,276.9700012207031,276.7110900878906,46914200,0.0,0.0
2025-11-26,AAPL,276.9599914550781,279.5299987792969,276.6300048828125,277.54998779296875,277.29052734375,33431400,0.0,0.0
2025-11-28,AAPL,277.260009765625,279.0,275.989990234375,278.8500061035156,278.5893249511719,20135600,0.0,0.0
2025-12-01,AAPL,278.010009765625,283.4200134277344,276.1400146484375,283.1000061035156,282.8353576660156,46587700,0.0,0.0
2025-12-02,AAPL,283.0,287.3999938964844,282.6300048828125,286.19000244140625,285.9224548339844,53669500,0.0,0.0
2025-12-03,AAPL,286.20001220703125,288.6199951171875,283.29998779296875,284.1499938964844,283.8843688964844,43538700,0.0,0.0
2025-12-04,AAPL,284.1000061035156,284.7300109863281,278.5899963378906,280.70001220703125,280.4375915527344,43989100,0.0,0.0
2025-12-05,AAPL,280.5400085449219,281.1400146484375,278.04998779296875,278.7799987792969,278.5193786621094,47265800,0.0,0.0
2025-12-08,AAPL,278.1300048828125,279.6700134277344,276.1499938964844,277.8900146484375,277.6302185058594,38211800,0.0,0.0
2025-12-09,AAPL,278.1600036621094,280.0299987792969,276.9200134277344,277.17999267578125,276.9208679199219,32193300,0.0,0.0
2025-12-10,AAPL,277.75,279.75,276.44000244140625,278.7799987792969,278.5193786621094,33038300,0.0,0.0
2025-12-11,AAPL,279.1000061035156,279.5899963378906,273.80999755859375,278.0299987792969,277.77008056640625,33248000,0.0,0.0
2025-12-12,AAPL,277.8999938964844,279.2200012207031,276.82000732421875,278.2799987792969,278.0198669433594,39532900,0.0,0.0
2025-12-15,AAPL,280.1499938964844,280.1499938964844,272.8399963378906,274.1099853515625,273.8537292480469,50409100,0.0,0.0
2025-12-16,AAPL,272.82000732421875,275.5,271.7900085449219,274.6099853515625,274.353271484375,37648600,0.0,0.0
2025-12-17,AAPL,275.010009765625,276.1600036621094,271.6400146484375,271.8399963378906,271.58587646484375,50138700,0.0,0.0
2025-12-18,AAPL,273.6099853515625,273.6300048828125,266.95001220703125,272.19000244140625,271.935546875,51630700,0.0,0.0
2025-12-19,AAPL,272.1499938964844,274.6000061035156,269.8999938964844,273.6700134277344,273.4141845703125,144632000,0.0,0.0
2025-12-22,AAPL,272.8599853515625,273.8800048828125,270.510009765625,270.9700012207031,270.7166748046875,36571800,0.0,0.0
2025-12-23,AAPL,270.8399963378906,272.5,269.55999755859375,272.3599853515625,272.1053771972656,29642000,0.0,0.0
2025-12-24,AAPL,272.3399963378906,275.42999267578125,272.20001220703125,273.80999755859375,273.55401611328125,17910600,0.0,0.0
2025-12-26,AAPL,274.1600036621094,275.3699951171875,272.8599853515625,273.3999938964844,273.1444091796875,21521800,0.0,0.0
2025-12-29,AAPL,272.69000244140625,274.3599853515625,272.3500061035156,273.760009765625,273.50408935546875,23715200,0.0,0.0
2025-12-30,AAPL,272.80999755859375,274.0799865722656,272.2799987792969,273.0799865722656,272.82470703125,22139600,0.0,0.0
2025-12-31,AAPL,273.05999755859375,273.67999267578125,271.75,271.8599853515625,271.6058349609375,27293600,0.0,0.0
2025-07-01,GOOGL,175.74000549316406,176.08999633789062,173.52999877929688,175.83999633789062,175.44451904296875,35904500,0.0,0.0
2025-07-02,GOOGL,175.5399932861328,178.86000061035156,175.07000732421875,178.63999938964844,178.23822021484375,29128900,0.0,0.0
2025-07-03,GOOGL,178.5,179.6699981689453,177.0500030517578,179.52999877929688,179.126220703125,21689700,0.0,0.0
2025-07-07,GOOGL,179.05999755859375,179.3000030517578,175.67999267578125,176.7899932861328,176.3923797607422,34175600,0.0,0.0
2025-07-08,GOOGL,177.85000610351562,177.9499969482422,172.80999755859375,174.36000061035156,173.9678497314453,40442500,0.0,0.0
2025-07-09,GOOGL,175.25,179.44000244140625,172.77000427246094,176.6199951171875,176.2227783203125,43025600,0.0,0.0
2025-07-10,GOOGL,175.6300048828125,178.42999267578125,174.3800048828125,177.6199951171875,177.22052001953125,29252400,0.0,0.0
2025-07-11,GOOGL,176.7899932861328,181.42999267578125,176.47999572753906,180.19000244140625,179.7847442626953,34282900,0.0,0.0
2025-07-14,GOOGL,181.00999450683594,183.6699981689453,179.67999267578125,181.55999755859375,181.15164184570312,32536600,0.0,0.0
2025-07-15,GOOGL,182.80999755859375,184.22000122070312,181.60000610351562,182.0,181.59068298339844,33448300,0.0,0.0
2025-07-16,GOOGL,183.24000549316406,184.3300018310547,182.02999877929688,182.97000122070312,182.55848693847656,33104200,0.0,0.0
2025-07-17,GOOGL,182.13999938964844,184.05999755859375,180.47999572753906,183.5800018310547,183.1671142578125,31992600,0.0,0.0
2025-07-18,GOOGL,185.39999389648438,186.4199981689453,183.7100067138672,185.05999755859375,184.64378356933594,34014500,0.0,0.0
2025-07-21,GOOGL,186.25,190.2899932861328,186.14999389648438,190.10000610351562,189.67245483398438,45803100,0.0,0.0
2025-07-22,GOOGL,191.5,191.64999389648438,187.4600067138672,191.33999633789062,190.90966796875,44660200,0.0,0.0
2025-07-23,GOOGL,191.5,192.52999877929688,189.17999267578125,190.22999572753906,189.8021697998047,58681900,0.0,0.0
2025-07-24,GOOGL,197.02999877929688,197.9499969482422,191.0,192.1699981689453,191.73780822753906,74881700,0.0,0.0
2025-07-25,GOOGL,191.97999572753906,194.3300018310547,191.25999450683594,193.17999267578125,192.74551391601562,39785900,0.0,0.0
2025-07-28,GOOGL,193.64999389648438,194.0500030517578,190.83999633789062,192.5800018310547,192.14688110351562,38139500,0.0,0.0
2025-07-29,GOOGL,192.42999267578125,195.9199981689453,192.0800018310547,195.75,195.3097381591797,41389200,0.0,0.0
2025-07-30,GOOGL,195.60000610351562,197.60000610351562,194.69000244140625,196.52999877929688,196.08799743652344,32445400,0.0,0.0
2025-07-31,GOOGL,195.7100067138672,195.99000549316406,191.08999633789062,191.89999389648438,191.46839904785156,51329200,0.0,0.0
2025-08-01,GOOGL,189.02999877929688,190.8300018310547,187.82000732421875,189.1300048828125,188.70465087890625,34832200,0.0,0.0
2025-08-04,GOOGL,190.2899932861328,195.27000427246094,190.1199951171875,195.0399932861328,194.60133361816406,31547400,0.0,0.0
2025-08-05,GOOGL,194.7100067138672,197.86000061035156,193.88999938964844,194.6699981689453,194.232177734375,31602300,0.0,0.0
2025-08-06,GOOGL,194.5,196.6300048828125,193.6699981689453,196.08999633789062,195.6489715576172,21562900,0.0,0.0
2025-08-07,GOOGL,197.05999755859375,197.5399932861328,194.3300018310547,196.52000427246094,196.07801818847656,26321800,0.0,0.0
2025-08-08,GOOGL,197.22000122070312,202.61000061035156,197.1699981689453,201.4199981689453,200.9669952392578,39161800,0.0,0.0
2025-08-11,GOOGL,200.94000244140625,201.47999572753906,199.07000732421875,201.0,200.54794311523438,25832400,0.0,0.0
2025-08-12,GOOGL,201.3699951171875,204.5,200.58999633789062,203.33999633789062,202.88267517089844,30397900,0.0,0.0
2025-08-13,GOOGL,204.1300048828125,204.52999877929688,197.50999450683594,201.9600067138672,201.50579833984375,28342900,0.0,0.0
2025-08-14,GOOGL,201.5,204.44000244140625,201.22999572753906,202.94000244140625,202.48358154296875,25230400,0.0,0.0
2025-08-15,GOOGL,203.85000610351562,206.44000244140625,201.27999877929688,203.89999389648438,203.44140625,34931400,0.0,0.0
2025-08-18,GOOGL,204.1999969482422,205.27000427246094,202.49000549316406,203.5,203.04232788085938,18526600,0.0,0.0
2025-08-19,GOOGL,203.02999877929688,203.44000244140625,199.9600067138672,201.57000732421875,201.11668395996094,24240200,0.0,0.0
2025-08-20,GOOGL,200.72999572753906,201.27999877929688,196.60000610351562,199.32000732421875,198.87171936035156,28955500,0.0,0.0
2025-08-21,GOOGL,199.75,202.47999572753906,199.42999267578125,199.75,199.3007354736328,19774600,0.0,0.0
2025-08-22,GOOGL,202.72999572753906,208.5399932861328,201.3000030517578,206.08999633789062,205.62648010253906,42827000,0.0,0.0
2025-08-25,GOOGL,206.42999267578125,210.52000427246094,205.27999877929688,208.49000549316406,208.02110290527344,29928900,0.0,0.0
2025-08-26,GOOGL,207.50999450683594,207.85000610351562,205.6999969482422,207.13999938964844,206.6741180419922,28464100,0.0,0.0
2025-08-27,GOOGL,205.6999969482422,208.91000366210938,205.64999389648438,207.47999572753906,207.0133514404297,23022900,0.0,0.0
2025-08-28,GOOGL,207.25,212.22000122070312,206.89999389648438,211.63999938964844,211.1640167236328,32339300,0.0,0.0
2025-08-29,GOOGL,210.50999450683594,214.64999389648438,210.1999969482422,212.91000366210938,212.43115234375,39728400,0.0,0.0
2025-09-02,GOOGL,208.44000244140625,211.67999267578125,206.1999969482422,211.35000610351562,210.87466430664062,47523000,0.0,0.0
2025-09-03,GOOGL,226.2100067138672,231.30999755859375,224.7899932861328,230.66000366210938,230.1412353515625,103336100,0.0,0.0
2025-09-04,GOOGL,229.64999389648438,232.3699951171875,226.11000061035156,232.3000030517578,231.7775421142578,51684200,0.0,0.0
2025-09-05,GOOGL,232.1999969482422,235.75999450683594,231.89999389648438,235.0,234.4714813232422,46588900,0.0,0.0
2025-09-08,GOOGL,235.47000122070312,238.1300048828125,233.6699981689453,234.0399932861328,233.72247314453125,32474700,0.21,0.0
2025-09-09,GOOGL,234.1699981689453,240.47000122070312,233.22999572753906,239.6300048828125,239.30491638183594,38061000,0.0,0.0
2025-09-10,GOOGL,238.89999389648438,241.66000366210938,237.85000610351562,239.1699981689453,238.84552001953125,35141100,0.0,0.0
2025-09-11,GOOGL,239.8800048828125,242.25,236.25,240.3699951171875,240.0438995361328,30599300,0.0,0.0
2025-09-12,GOOGL,240.3699951171875,242.0800018310547,238.0,240.8000030517578,240.4733123779297,26771600,0.0,0.0
2025-09-15,GOOGL,244.66000366210938,252.41000366210938,244.66000366210938,251.61000061035156,251.26864624023438,58383800,0.0,0.0
2025-09-16,GOOGL,252.0800018310547,253.0399932861328,249.47000122070312,251.16000366210938,250.8192596435547,34109700,0.0,0.0
2025-09-17,GOOGL,251.22000122070312,251.60000610351562,246.27999877929688,249.52999877929688,249.19146728515625,34108000,0.0,0.0
2025-09-18,GOOGL,251.67999267578125,253.99000549316406,249.8000030517578,252.02999877929688,251.68807983398438,31239500,0.0,0.0
2025-09-19,GOOGL,253.25,256.0,251.80999755859375,254.72000122070312,254.3744354248047,55571400,0.0,0.0
2025-09-22,GOOGL,254.42999267578125,255.77999877929688,250.3000030517578,252.52999877929688,252.18739318847656,32290500,0.0,0.0
2025-09-23,GOOGL,253.0399932861328,254.36000061035156,250.47999572753906,251.66000366210938,251.31858825683594,26628000,0.0,0.0
2025-09-24,GOOGL,251.66000366210938,252.35000610351562,246.44000244140625,247.13999938964844,246.80470275878906,28201000,0.0,0.0
2025-09-25,GOOGL,244.39999389648438,246.49000549316406,240.74000549316406,245.7899932861328,245.45654296875,31020400,0.0,0.0
2025-09-26,GOOGL,247.07000732421875,249.4199981689453,245.97000122070312,246.5399932861328,246.2055206298828,18503200,0.0,0.0
2025-09-29,GOOGL,247.85000610351562,251.14999389648438,242.77000427246094,244.0500030517578,243.71890258789062,32505800,0.0,0.0
2025-09-30,GOOGL,242.80999755859375,243.2899932861328,239.25,243.10000610351562,242.77020263671875,34724300,0.0,0.0
2025-10-01,GOOGL,240.75,246.3000030517578,238.61000061035156,244.89999389648438,244.5677490234375,31658200,0.0,0.0
2025-10-02,GOOGL,245.14999389648438,246.80999755859375,242.3000030517578,245.69000244140625,245.35667419433594,25483300,0.0,0.0
2025-10-03,GOOGL,244.49000549316406,246.3000030517578,241.66000366210938,245.35000610351562,245.01715087890625,30249600,0.0,0.0
2025-10-06,GOOGL,244.77999877929688,251.32000732421875,244.5800018310547,250.42999267578125,250.09024047851562,28894700,0.0,0.0
2025-10-07,GOOGL,248.27000427246094,250.44000244140625,245.52000427246094,245.75999450683594,245.42657470703125,23181300,0.0,0.0
2025-10-08,GOOGL,244.9600067138672,246.00999450683594,243.82000732421875,244.6199951171875,244.2881317138672,21307100,0.0,0.0
2025-10-09,GOOGL,244.47000122070312,244.75999450683594,239.14999389648438,241.52999877929688,241.2023162841797,27892100,0.0,0.0
2025-10-10,GOOGL,241.42999267578125,244.08999633789062,235.83999633789062,236.57000732421875,236.2490692138672,33180300,0.0,0.0
2025-10-13,GOOGL,240.2100067138672,244.5,239.7100067138672,244.14999389648438,243.81875610351562,24995000,0.0,0.0
2025-10-14,GOOGL,241.22999572753906,247.1199951171875,240.50999450683594,245.4499969482422,245.1169891357422,22111600,0.0,0.0
2025-10-15,GOOGL,247.25,252.11000061035156,245.99000549316406,251.02999877929688,250.68942260742188,27007700,0.0,0.0
2025-10-16,GOOGL,251.77000427246094,256.9599914550781,250.10000610351562,251.4600067138672,251.1188507080078,27997200,0.0,0.0
2025-10-17,GOOGL,250.75999450683594,254.22000122070312,247.80999755859375,253.3000030517578,252.9563446044922,29671600,0.0,0.0
2025-10-20,GOOGL,254.69000244140625,257.3299865722656,254.22999572753906,256.54998779296875,256.2019348144531,22350200,0.0,0.0
2025-10-21,GOOGL,254.74000549316406,254.8800048828125,244.14999389648438,250.4600067138672,250.12020874023438,47312100,0.0,0.0
2025-10-22,GOOGL,254.3699951171875,256.3599853515625,249.2899932861328,251.69000244140625,251.34854125976562,35029400,0.0,0.0
2025-10-23,GOOGL,252.97999572753906,255.0399932861328,251.85000610351562,253.0800018310547,252.73666381835938,19901400,0.0,0.0
2025-10-24,GOOGL,256.5799865722656,261.67999267578125,255.32000732421875,259.9200134277344,259.5673828125,28655100,0.0,0.0
2025-10-27,GOOGL,264.82000732421875,270.1400146484375,264.2799987792969,269.2699890136719,268.9046630859375,35235200,0.0,0.0
2025-10-28,GOOGL,269.69000244140625,270.7300109863281,266.5,267.4700012207031,267.1071472167969,29738600,0.0,0.0
2025-10-29,GOOGL,267.75,275.3399963378906,267.6700134277344,274.57000732421875,274.197509765625,43580300,0.0,0.0
2025-10-30,GOOGL,291.5899963378906,291.5899963378906,280.05999755859375,281.4800109863281,281.09814453125,74876000,0.0,0.0
2025-10-31,GOOGL,283.2099914550781,286.0,277.0299987792969,281.19000244140625,280.8085021972656,39267900,0.0,0.0
2025-11-03,GOOGL,282.17999267578125,285.5299987792969,279.79998779296875,283.7200012207031,283.3350830078125,29786000,0.0,0.0
2025-11-04,GOOGL,276.75,281.2699890136719,276.260009765625,277.5400085449219,277.1634521484375,30078400,0.0,0.0
2025-11-05,GOOGL,278.8699951171875,286.4200134277344,277.3399963378906,284.30999755859375,283.92425537109375,31010300,0.0,0.0
2025-11-06,GOOGL,285.3299865722656,288.3500061035156,281.1400146484375,284.75,284.3636779785156,37173600,0.0,0.0
2025-11-07,GOOGL,283.2099914550781,283.7799987792969,275.19000244140625,278.8299865722656,278.45172119140625,34479600,0.0,0.0
2025-11-10,GOOGL,284.4200134277344,290.79998779296875,282.8599853515625,290.1000061035156,289.7064208984375,29557300,0.0,0.0
2025-11-11,GOOGL,287.75,291.9200134277344,287.32000732421875,291.30999755859375,290.914794921875,19842100,0.0,0.0
2025-11-12,GOOGL,291.67999267578125,292.010009765625,283.69000244140625,286.7099914550781,286.3210144042969,24829900,0.0,0.0
2025-11-13,GOOGL,282.3399963378906,282.8399963378906,277.239990234375,278.57000732421875,278.19207763671875,29494000,0.0,0.0
2025-11-14,GOOGL,271.4100036621094,278.55999755859375,270.70001220703125,276.4100036621094,276.0350036621094,31647200,0.0,0.0
2025-11-17,GOOGL,285.7799987792969,293.95001220703125,283.57000732421875,285.0199890136719,284.63330078125,52670200,0.0,0.0
2025-11-18,GOOGL,287.9200134277344,288.79998779296875,278.20001220703125,284.2799987792969,283.8943176269531,49158700,0.0,0.0
2025-11-19,GOOGL,287.1600036621094,303.80999755859375,286.6300048828125,292.80999755859375,292.4127502441406,68198900,0.0,0.0
2025-11-20,GOOGL,304.5400085449219,306.4200134277344,288.6700134277344,289.45001220703125,289.05731201171875,62025200,0.0,0.0
2025-11-21,GOOGL,296.4200134277344,303.9200134277344,293.8500061035156,299.6600036621094,299.25347900390625,74137700,0.0,0.0
2025-11-24,GOOGL,311.1300048828125,319.4800109863281,309.6000061035156,318.5799865722656,318.14776611328125,85165100,0.0,0.0
2025-11-25,GOOGL,326.2099914550781,328.8299865722656,317.6499938964844,323.44000244140625,323.0011901855469,88632100,0.0,0.0
2025-11-26,GOOGL,320.67999267578125,324.5,316.7900085449219,319.95001220703125,319.5159606933594,51373400,0.0,0.0
2025-11-28,GOOGL,323.3699951171875,326.8500061035156,316.7900085449219,320.17999267578125,319.7456359863281,26018600,0.0,0.0
2025-12-01,GOOGL,317.70001220703125,319.8500061035156,313.8900146484375,314.8900146484375,314.46282958984375,41183000,0.0,0.0
2025-12-02,GOOGL,316.739990234375,318.3800048828125,313.9100036621094,315.80999755859375,315.38153076171875,35854700,0.0,0.0
2025-12-03,GOOGL,315.8900146484375,321.5799865722656,314.1000061035156,319.6300048828125,319.19635009765625,41838300,0.0,0.0
2025-12-04,GOOGL,322.2300109863281,322.3599853515625,314.70001220703125,317.6199951171875,317.1890869140625,31240900,0.0,0.0
2025-12-05,GOOGL,319.489990234375,323.1600036621094,319.1700134277344,321.2699890136719,320.8341064453125,28851700,0.0,0.0
2025-12-08,GOOGL,320.04998779296875,320.44000244140625,311.2200012207031,313.7200012207031,313.49932861328125,33909400,0.21,0.0
2025-12-09,GOOGL,312.3699951171875,317.989990234375,311.8999938964844,317.0799865722656,316.85693359375,30194000,0.0,0.0
2025-12-10,GOOGL,315.8299865722656,321.30999755859375,314.67999267578125,320.2099914550781,319.9847412109375,33428900,0.0,0.0
2025-12-11,GOOGL,320.0799865722656,321.1199951171875,308.6000061035156,312.42999267578125,312.210205078125,42353700,0.0,0.0
2025-12-12,GOOGL,313.70001220703125,314.8699951171875,305.55999755859375,309.2900085449219,309.07244873046875,35940200,0.0,0.0
2025-12-15,GOOGL,311.32000732421875,311.4200134277344,304.8800048828125,308.2200012207031,308.003173828125,29151900,0.0,0.0
2025-12-16,GOOGL,304.95001220703125,310.7699890136719,302.5899963378906,306.57000732421875,306.3543395996094,30585000,0.0,0.0
2025-12-17,GOOGL,308.010009765625,308.0899963378906,296.1199951171875,296.7200012207031,296.5112609863281,43930400,0.0,0.0
2025-12-18,GOOGL,301.7200012207031,303.9599914550781,299.2300109863281,302.4599914550781,302.2472229003906,33518000,0.0,0.0
2025-12-19,GOOGL,301.7300109863281,307.25,300.9700012207031,307.1600036621094,306.9439392089844,59943200,0.0,0.0
2025-12-22,GOOGL,309.8800048828125,310.1300048828125,305.29998779296875,309.7799987792969,309.56207275390625,26429900,0.0,0.0
2025-12-23,GOOGL,309.6300048828125,314.94000244140625,309.32000732421875,314.3500061035156,314.1288757324219,25478700,0.0,0.0
2025-12-24,GOOGL,314.7699890136719,315.0799865722656,311.9200134277344,314.0899963378906,313.8690490722656,10097400,0.0,0.0
2025-12-26,GOOGL,314.4800109863281,315.0899963378906,312.2799987792969,313.510009765625,313.2894592285156,10899000,0.0,0.0
2025-12-29,GOOGL,311.3699951171875,314.0199890136719,310.6199951171875,313.55999755859375,313.33941650390625,19621800,0.0,0.0
2025-12-30,GOOGL,312.5,316.95001220703125,312.4599914550781,313.8500061035156,313.6292419433594,17380900,0.0,0.0
2025-12-31,GOOGL,312.8500061035156,314.5799865722656,311.44000244140625,313.0,312.7798156738281,16377700,0.0,0.0
2025-07-01,LLY,779.530029296875,790.0,773.0,775.9000244140625,771.776123046875,2734000,0.0,0.0
2025-07-02,LLY,776.5,779.8400268554688,768.0,779.280029296875,775.13818359375,1978300,0.0,0.0
2025-07-03,LLY,780.4600219726562,783.5499877929688,773.0,780.6699829101562,776.5206909179688,1450800,0.0,0.0
2025-07-07,LLY,780.6799926757812,781.1500244140625,762.030029296875,772.8699951171875,768.76220703125,2576900,0.0,0.0
2025-07-08,LLY,774.8499755859375,792.6900024414062,768.7999877929688,777.6599731445312,773.5267333984375,3301800,0.0,0.0
2025-07-09,LLY,783.7999877929688,794.0,781.989990234375,786.9199829101562,782.7374877929688,2703100,0.0,0.0
2025-07-10,LLY,789.6699829101562,799.489990234375,786.4299926757812,790.6500244140625,786.44775390625,3130400,0.0,0.0
2025-07-11,LLY,786.3499755859375,795.72998046875,777.2000122070312,793.010009765625,788.795166015625,2852500,0.0,0.0
2025-07-14,LLY,790.0,800.8800048828125,787.3599853515625,799.3400268554688,795.091552734375,2401400,0.0,0.0
2025-07-15,LLY,801.6699829101562,805.4199829101562,764.3800048828125,771.75,767.6481323242188,4174100,0.0,0.0
2025-07-16,LLY,773.5,796.0399780273438,772.1599731445312,789.7999877929688,785.6021728515625,3255400,0.0,0.0
2025-07-17,LLY,786.7899780273438,790.0,760.02001953125,761.5,757.45263671875,4107300,0.0,0.0
2025-07-18,LLY,763.8599853515625,775.9600219726562,760.5,771.7100219726562,767.6083984375,3357700,0.0,0.0
2025-07-21,LLY,768.1699829101562,772.0,760.5,762.1799926757812,758.1290283203125,3058000,0.0,0.0
2025-07-22,LLY,763.3400268554688,778.2899780273438,762.5,776.4400024414062,772.3131713867188,2496600,0.0,0.0
2025-07-23,LLY,780.0,800.0900268554688,777.0800170898438,798.8900146484375,794.6439208984375,2683600,0.0,0.0
2025-07-24,LLY,801.3599853515625,810.1400146484375,797.6500244140625,805.4299926757812,801.1491088867188,2786400,0.0,0.0
2025-07-25,LLY,809.0,815.1900024414062,802.3699951171875,812.6900024414062,808.3705444335938,2976900,0.0,0.0
2025-07-28,LLY,812.6500244140625,820.219970703125,802.5,808.1099853515625,803.8148803710938,2587700,0.0,0.0
2025-07-29,LLY,774.5,779.489990234375,755.1799926757812,762.9500122070312,758.8948974609375,7100700,0.0,0.0
2025-07-30,LLY,774.0,778.0999755859375,758.4099731445312,760.0800170898438,756.0401611328125,4338700,0.0,0.0
2025-07-31,LLY,747.2999877929688,766.4500122070312,735.4400024414062,740.0700073242188,736.1365356445312,5810300,0.0,0.0
2025-08-01,LLY,746.8200073242188,768.0,745.989990234375,762.3300170898438,758.2782592773438,4859500,0.0,0.0
2025-08-04,LLY,759.969970703125,774.47998046875,752.5700073242188,769.0,764.9127807617188,3353400,0.0,0.0
2025-08-05,LLY,765.5700073242188,769.9400024414062,759.52001953125,765.9500122070312,761.8789672851562,3615200,0.0,0.0
2025-08-06,LLY,756.5599975585938,763.0,740.1900024414062,746.3699951171875,742.4030151367188,4752100,0.0,0.0
2025-08-07,LLY,675.6599731445312,678.2899780273438,633.2000122070312,640.8599853515625,637.4537963867188,26101600,0.0,0.0
2025-08-08,LLY,655.0,656.1799926757812,623.780029296875,625.6500244140625,622.32470703125,14125100,0.0,0.0
2025-08-11,LLY,629.4199829101562,654.4400024414062,625.9000244140625,635.219970703125,631.84375,11294200,0.0,0.0
2025-08-12,LLY,639.5,646.1799926757812,629.4000244140625,639.4299926757812,636.0314331054688,6897400,0.0,0.0
2025-08-13,LLY,650.4000244140625,661.75,644.5,660.489990234375,656.9794921875,6310000,0.0,0.0
2025-08-14,LLY,662.0,685.47998046875,655.0999755859375,684.4299926757812,680.7922973632812,8395900,0.0,0.0
2025-08-15,LLY,694.2000122070312,706.7899780273438,685.7999877929688,701.22998046875,699.0349731445312,8224600,1.5,0.0
2025-08-18,LLY,695.02001953125,707.75,693.5,698.0499877929688,695.8648681640625,4997300,0.0,0.0
2025-08-19,LLY,706.6099853515625,714.27001953125,698.5499877929688,703.2100219726562,701.0087890625,5941000,0.0,0.0
2025-08-20,LLY,701.52001953125,705.7999877929688,685.1500244140625,705.4400024414062,703.2318115234375,4139400,0.0,0.0
2025-08-21,LLY,705.2000122070312,718.4000244140625,705.2000122070312,709.8200073242188,707.5980834960938,3617300,0.0,0.0
2025-08-22,LLY,715.0399780273438,719.4600219726562,709.4299926757812,711.6799926757812,709.4522705078125,3222700,0.0,0.0
2025-08-25,LLY,711.0,713.5,694.22998046875,695.3300170898438,693.1534423828125,2898100,0.0,0.0
2025-08-26,LLY,716.239990234375,736.1799926757812,713.0999755859375,736.030029296875,733.72607421875,7695600,0.0,0.0
2025-08-27,LLY,736.9600219726562,746.5900268554688,731.5499877929688,734.1699829101562,731.8718872070312,4326200,0.0,0.0
2025-08-28,LLY,735.7999877929688,738.5900268554688,726.3400268554688,731.9600219726562,729.6688232421875,3117000,0.0,0.0
2025-08-29,LLY,732.3200073242188,737.4199829101562,728.5,732.5800170898438,730.286865234375,2551200,0.0,0.0
2025-09-02,LLY,727.989990234375,737.1400146484375,723.6400146484375,735.1900024414062,732.888671875,3222500,0.0,0.0
2025-09-03,LLY,732.02001953125,737.8300170898438,729.02001953125,737.8300170898438,735.5204467773438,2222500,0.0,0.0
2025-09-04,LLY,736.3200073242188,747.0,735.3300170898438,742.9099731445312,740.58447265625,2423400,0.0,0.0
2025-09-05,LLY,744.7000122070312,744.7000122070312,722.5700073242188,727.2100219726562,724.9336547851562,3958200,0.0,0.0
2025-09-08,LLY,729.7100219726562,742.7000122070312,719.219970703125,738.6400146484375,736.327880859375,4534600,0.0,0.0
2025-09-09,LLY,734.1799926757812,752.8400268554688,733.8699951171875,750.6099853515625,748.2604370117188,2986900,0.0,0.0
2025-09-10,LLY,748.0900268554688,755.7999877929688,742.489990234375,754.6199951171875,752.2578125,2477400,0.0,0.0
2025-09-11,LLY,752.47998046875,761.1300048828125,750.3699951171875,756.280029296875,753.9126586914062,2197500,0.0,0.0
2025-09-12,LLY,760.1699829101562,761.5999755859375,748.0,755.3900146484375,753.0254516601562,2198300,0.0,0.0
2025-09-15,LLY,753.0700073242188,756.3400268554688,742.1099853515625,748.1900024414062,745.8480224609375,2790900,0.0,0.0
2025-09-16,LLY,745.4099731445312,770.3800048828125,744.5399780273438,764.7100219726562,762.3162841796875,3881300,0.0,0.0
2025-09-17,LLY,761.489990234375,776.9600219726562,756.3400268554688,760.1300048828125,757.7506103515625,3471200,0.0,0.0
2025-09-18,LLY,761.3800048828125,772.5399780273438,759.010009765625,762.9299926757812,760.5418701171875,3464000,0.0,0.0
2025-09-19,LLY,765.0,765.0,749.2000122070312,751.989990234375,749.6360473632812,7349500,0.0,0.0
2025-09-22,LLY,748.5599975585938,762.0399780273438,746.27001953125,754.9500122070312,752.5867919921875,2527400,0.0,0.0
2025-09-23,LLY,750.5700073242188,753.0,743.1699829101562,746.97998046875,744.6417236328125,2910100,0.0,0.0
2025-09-24,LLY,745.989990234375,746.9400024414062,736.1599731445312,741.8499755859375,739.5277709960938,2243000,0.0,0.0
2025-09-25,LLY,737.6699829101562,740.0,712.0499877929688,714.5900268554688,712.3531494140625,5136400,0.0,0.0
2025-09-26,LLY,724.1199951171875,729.0,717.0800170898438,724.5399780273438,722.27197265625,3559700,0.0,0.0
2025-09-29,LLY,725.5499877929688,727.8599853515625,716.0800170898438,726.510009765625,724.2359008789062,3309200,0.0,0.0
2025-09-30,LLY,726.9600219726562,766.3499755859375,725.3099975585938,763.0,760.6116333007812,6234300,0.0,0.0
2025-10-01,LLY,763.2999877929688,833.2999877929688,763.2999877929688,825.4199829101562,822.836181640625,10124500,0.0,0.0
2025-10-02,LLY,814.3599853515625,834.4600219726562,812.8099975585938,819.8499755859375,817.2836303710938,4291800,0.0,0.0
2025-10-03,LLY,824.9400024414062,848.1300048828125,816.0999755859375,839.8699951171875,837.240966796875,5088500,0.0,0.0
2025-10-06,LLY,839.9500122070312,856.5700073242188,838.6599731445312,845.0499877929688,842.40478515625,3651400,0.0,0.0
2025-10-07,LLY,845.0,848.5399780273438,836.5800170898438,843.6300048828125,840.9892578125,2610800,0.0,0.0
2025-10-08,LLY,850.0,856.0,844.989990234375,845.719970703125,843.0726318359375,2180900,0.0,0.0
2025-10-09,LLY,851.6900024414062,860.25,845.7000122070312,855.3499755859375,852.6724853515625,3071700,0.0,0.0
2025-10-10,LLY,858.0,864.3499755859375,830.1099853515625,833.489990234375,830.8809204101562,3431000,0.0,0.0
2025-10-13,LLY,832.6799926757812,835.3200073242188,817.3499755859375,819.4000244140625,816.8350830078125,2167500,0.0,0.0
2025-10-14,LLY,822.0900268554688,822.0900268554688,806.0,812.3499755859375,809.80712890625,1928400,0.0,0.0
2025-10-15,LLY,812.5,830.1900024414062,808.5800170898438,826.5700073242188,823.982666015625,2355800,0.0,0.0
2025-10-16,LLY,825.0700073242188,834.7000122070312,815.3699951171875,819.3800048828125,816.8151245117188,2272900,0.0,0.0
2025-10-17,LLY,788.9600219726562,804.4400024414062,783.8499755859375,802.8300170898438,800.3169555664062,3983000,0.0,0.0
2025-10-20,LLY,805.5999755859375,809.4099731445312,799.77001953125,808.9600219726562,806.4277954101562,2279700,0.0,0.0
2025-10-21,LLY,806.9299926757812,812.989990234375,798.7100219726562,799.5700073242188,797.067138671875,2099500,0.0,0.0
2025-10-22,LLY,798.4000244140625,815.9400024414062,793.8200073242188,812.4299926757812,809.8868408203125,2930600,0.0,0.0
2025-10-23,LLY,806.4000244140625,824.7000122070312,806.02001953125,821.0399780273438,818.4699096679688,2632900,0.0,0.0
2025-10-24,LLY,815.2100219726562,834.1500244140625,812.5,825.4500122070312,822.8660888671875,2211200,0.0,0.0
2025-10-27,LLY,825.0,826.4199829101562,811.47998046875,826.4099731445312,823.8230590820312,2114800,0.0,0.0
2025-10-28,LLY,826.0,829.4600219726562,814.0499877929688,820.0999755859375,817.5328369140625,2493500,0.0,0.0
2025-10-29,LLY,827.3099975585938,830.2899780273438,809.6300048828125,813.530029296875,810.9834594726562,3591200,0.0,0.0
2025-10-30,LLY,837.5,853.0,812.25,844.5,841.8565063476562,6037200,0.0,0.0
2025-10-31,LLY,839.1599731445312,869.9099731445312,834.1900024414062,862.8599853515625,860.1590576171875,5015000,0.0,0.0
2025-11-03,LLY,866.530029296875,901.3400268554688,862.6199951171875,896.530029296875,893.7236938476562,5401500,0.0,0.0
2025-11-04,LLY,891.4099731445312,915.219970703125,883.6400146484375,906.8599853515625,904.021240234375,5911500,0.0,0.0
2025-11-05,LLY,911.0,955.4600219726562,907.8599853515625,925.8099975585938,922.9119873046875,7272900,0.0,0.0
2025-11-06,LLY,928.0,949.9000244140625,916.260009765625,937.4400024414062,934.505615234375,6417400,0.0,0.0
2025-11-07,LLY,931.1699829101562,932.0,900.9000244140625,924.3699951171875,921.4765014648438,4373400,0.0,0.0
2025-11-10,LLY,939.739990234375,981.989990234375,938.4099731445312,966.6400146484375,963.6141967773438,5696600,0.0,0.0
2025-11-11,LLY,966.5499877929688,999.9500122070312,965.2899780273438,988.6199951171875,985.5253295898438,4166400,0.0,0.0
2025-11-12,LLY,993.1199951171875,1022.4199829101562,990.0999755859375,1017.780029296875,1014.5941162109375,5185200,0.0,0.0
2025-11-13,LLY,1010.0900268554688,1032.949951171875,1010.0900268554688,1022.8699951171875,1019.6681518554688,4153600,0.0,0.0
2025-11-14,LLY,1009.0,1033.6199951171875,1007.7899780273438,1025.280029296875,1023.5716552734375,3862300,1.5,0.0
2025-11-17,LLY,1003.719970703125,1032.1400146484375,998.2999877929688,1021.7000122070312,1019.9976196289062,4720000,0.0,0.0
2025-11-18,LLY,1014.010009765625,1040.719970703125,1014.010009765625,1030.050048828125,1028.333740234375,3430500,0.0,0.0
2025-11-19,LLY,1029.6400146484375,1055.5899658203125,1026.25,1049.5999755859375,1047.85107421875,3571200,0.0,0.0
2025-11-20,LLY,1045.5,1057.0,1038.25,1043.2900390625,1041.5516357421875,3135700,0.0,0.0
2025-11-21,LLY,1041.0,1066.6500244140625,1038.0,1059.699951171875,1057.9342041015625,4266700,0.0,0.0
2025-11-24,LLY,1056.77001953125,1075.719970703125,1049.3800048828125,1070.1600341796875,1068.3768310546875,5497200,0.0,0.0
2025-11-25,LLY,1075.8299560546875,1111.1099853515625,1073.25,1109.93994140625,1108.0904541015625,4181500,0.0,0.0
2025-11-26,LLY,1102.0,1111.989990234375,1098.0999755859375,1104.3399658203125,1102.4998779296875,3093700,0.0,0.0
2025-11-28,LLY,1096.719970703125,1099.050048828125,1067.68994140625,1075.469970703125,1073.677978515625,2732200,0.0,0.0
2025-12-01,LLY,1074.3800048828125,1084.1500244140625,1055.0,1057.8900146484375,1056.1273193359375,3070200,0.0,0.0
2025-12-02,LLY,1052.5699462890625,1068.1800537109375,1040.3599853515625,1046.1199951171875,1044.376953125,3280000,0.0,0.0
2025-12-03,LLY,1046.3900146484375,1051.47998046875,1022.3200073242188,1033.56005859375,1031.837890625,3447000,0.0,0.0
2025-12-04,LLY,1032.6300048828125,1032.6300048828125,1007.1799926757812,1014.489990234375,1012.7996215820312,3854900,0.0,0.0
2025-12-05,LLY,1023.8400268554688,1027.3900146484375,1004.0,1010.3099975585938,1008.6265869140625,2502100,0.0,0.0
2025-12-08,LLY,1010.739990234375,1014.2000122070312,988.8800048828125,997.5900268554688,995.9277954101562,3088600,0.0,0.0
2025-12-09,LLY,1002.8400268554688,1012.0,979.1799926757812,982.219970703125,980.5833740234375,2569700,0.0,0.0
2025-12-10,LLY,985.0,1003.0,977.1199951171875,993.6400146484375,991.984375,2966300,0.0,0.0
2025-12-11,LLY,1008.1500244140625,1031.56005859375,987.0,1009.3800048828125,1007.6981201171875,4517000,0.0,0.0
2025-12-12,LLY,1008.760009765625,1028.9000244140625,1003.5,1027.510009765625,1025.7979736328125,3275200,0.0,0.0
2025-12-15,LLY,1032.550048828125,1065.0,1032.550048828125,1062.18994140625,1060.4200439453125,4648400,0.0,0.0
2025-12-16,LLY,1063.5,1068.25,1036.22998046875,1054.2900390625,1052.5333251953125,4024500,0.0,0.0
2025-12-17,LLY,1064.300048828125,1064.300048828125,1036.4100341796875,1041.7900390625,1040.05419921875,3726600,0.0,0.0
2025-12-18,LLY,1041.800048828125,1079.260009765625,1039.5400390625,1056.8800048828125,1055.1190185546875,3848600,0.0,0.0
2025-12-19,LLY,1059.010009765625,1075.3800048828125,1059.010009765625,1071.43994140625,1069.6546630859375,5829100,0.0,0.0
2025-12-22,LLY,1076.719970703125,1083.47998046875,1063.0,1076.47998046875,1074.686279296875,2625600,0.0,0.0
2025-12-23,LLY,1063.5,1088.47998046875,1063.5,1071.6400146484375,1069.8543701171875,2108600,0.0,0.0
2025-12-24,LLY,1074.6400146484375,1085.72998046875,1072.7099609375,1076.97998046875,1075.1854248046875,932800,0.0,0.0
2025-12-26,LLY,1076.97998046875,1081.3900146484375,1068.300048828125,1077.75,1075.9542236328125,1014600,0.0,0.0
2025-12-29,LLY,1077.949951171875,1085.5,1074.3800048828125,1078.72998046875,1076.9324951171875,1653000,0.0,0.0
2025-12-30,LLY,1078.9599609375,1082.3699951171875,1072.0699462890625,1079.75,1077.950927734375,1251500,0.0,0.0
2025-12-31,LLY,1079.760009765625,1083.5,1074.4300537109375,1074.6800537109375,1072.889404296875,1646700,0.0,0.0
2025-07-01,BRK.B,485.7799987792969,491.0899963378906,483.79998779296875,489.6099853515625,489.6099853515625,4776000,0.0,0.0
2025-07-02,BRK.B,489.42999267578125,489.92999267578125,478.6199951171875,480.4800109863281,480.4800109863281,6707200,0.0,0.0
2025-07-03,BRK.B,480.8900146484375,486.54998779296875,480.3599853515625,485.0,485.0,3443300,0.0,0.0
2025-07-07,BRK.B,484.4200134277344,486.0799865722656,476.79998779296875,478.0299987792969,478.0299987792969,4674400,0.0,0.0
2025-07-08,BRK.B,477.3500061035156,480.0,473.5799865722656,477.4700012207031,477.4700012207031,4116200,0.0,0.0
2025-07-09,BRK.B,477.0,479.489990234375,475.8299865722656,478.9100036621094,478.9100036621094,3367400,0.0,0.0
2025-07-10,BRK.B,477.8699951171875,478.54998779296875,475.5,478.2699890136719,478.2699890136719,4573300,0.0,0.0
2025-07-11,BRK.B,476.25,476.8500061035156,471.3999938964844,475.8599853515625,475.8599853515625,4416600,0.0,0.0
2025-07-14,BRK.B,474.32000732421875,478.1300048828125,473.4599914550781,476.30999755859375,476.30999755859375,4294700,0.0,0.0
2025-07-15,BRK.B,475.29998779296875,475.7200012207031,470.0,470.1300048828125,470.1300048828125,4482300,0.0,0.0
2025-07-16,BRK.B,471.20001220703125,472.9200134277344,468.8800048828125,471.30999755859375,471.30999755859375,3796900,0.0,0.0
2025-07-17,BRK.B,470.07000732421875,474.1499938964844,467.6499938964844,473.3999938964844,473.3999938964844,4040000,0.0,0.0
2025-07-18,BRK.B,474.0,478.6400146484375,473.5,473.79998779296875,473.79998779296875,4015800,0.0,0.0
2025-07-21,BRK.B,473.0400085449219,478.3500061035156,472.0,474.4100036621094,474.4100036621094,3791300,0.0,0.0
2025-07-22,BRK.B,475.5,483.1400146484375,475.0,478.1300048828125,478.1300048828125,4521500,0.0,0.0
2025-07-23,BRK.B,480.25,484.45001220703125,479.20001220703125,482.6300048828125,482.6300048828125,4385600,0.0,0.0
2025-07-24,BRK.B,482.6700134277344,486.1700134277344,480.6000061035156,480.6000061035156,480.6000061035156,5044800,0.0,0.0
2025-07-25,BRK.B,481.6700134277344,484.92999267578125,479.6600036621094,484.07000732421875,484.07000732421875,4220500,0.0,0.0
2025-07-28,BRK.B,484.3500061035156,486.8999938964844,481.1000061035156,481.70001220703125,481.70001220703125,3626100,0.0,0.0
2025-07-29,BRK.B,482.57000732421875,485.0,476.2799987792969,476.55999755859375,476.55999755859375,4193200,0.0,0.0
2025-07-30,BRK.B,475.1300048828125,479.4100036621094,473.8800048828125,476.0,476.0,3803000,0.0,0.0
2025-07-31,BRK.B,472.6099853515625,477.70001220703125,471.8800048828125,471.8800048828125,471.8800048828125,6315300,0.0,0.0
2025-08-01,BRK.B,473.4700012207031,475.9599914550781,470.6199951171875,472.8399963378906,472.8399963378906,5287500,0.0,0.0
2025-08-04,BRK.B,468.04998779296875,468.8699951171875,455.19000244140625,459.1099853515625,459.1099853515625,10874300,0.0,0.0
2025-08-05,BRK.B,460.6000061035156,467.5799865722656,460.3800048828125,464.19000244140625,464.19000244140625,6780700,0.0,0.0
2025-08-06,BRK.B,465.0,469.54998779296875,463.0,468.9100036621094,468.9100036621094,4557100,0.0,0.0
2025-08-07,BRK.B,469.20001220703125,472.70001220703125,461.3699951171875,461.4700012207031,461.4700012207031,5755700,0.0,0.0
2025-08-08,BRK.B,462.94000244140625,465.8299865722656,462.54998779296875,465.3999938964844,465.3999938964844,3330600,0.0,0.0
2025-08-11,BRK.B,466.4599914550781,468.489990234375,463.5,464.7300109863281,464.7300109863281,3712100,0.0,0.0
2025-08-12,BRK.B,465.5299987792969,472.4700012207031,465.05999755859375,470.3900146484375,470.3900146484375,3767300,0.0,0.0
2025-08-13,BRK.B,471.70001220703125,479.6000061035156,471.5,477.30999755859375,477.30999755859375,4629400,0.0,0.0
2025-08-14,BRK.B,478.3500061035156,479.2200012207031,474.4200134277344,479.2200012207031,479.2200012207031,4187100,0.0,0.0
2025-08-15,BRK.B,482.3500061035156,482.4800109863281,476.2900085449219,477.20001220703125,477.20001220703125,5229800,0.0,0.0
2025-08-18,BRK.B,477.9700012207031,479.0,474.6600036621094,478.5199890136719,478.5199890136719,3911300,0.0,0.0
2025-08-19,BRK.B,479.7699890136719,485.8999938964844,479.7699890136719,485.30999755859375,485.30999755859375,4726400,0.0,0.0
2025-08-20,BRK.B,487.0,492.2200012207031,485.8299865722656,488.67999267578125,488.67999267578125,4779800,0.0,0.0
2025-08-21,BRK.B,487.239990234375,489.04998779296875,483.67999267578125,488.5899963378906,488.5899963378906,3082200,0.0,0.0
2025-08-22,BRK.B,491.5,493.1400146484375,486.57000732421875,489.0,489.0,4205100,0.0,0.0
2025-08-25,BRK.B,489.010009765625,489.0199890136719,481.8299865722656,486.17999267578125,486.17999267578125,3935100,0.0,0.0
2025-08-26,BRK.B,485.0199890136719,492.7900085449219,484.5299987792969,492.2099914550781,492.2099914550781,8217500,0.0,0.0
2025-08-27,BRK.B,491.0799865722656,497.2099914550781,490.6000061035156,495.7200012207031,495.7200012207031,4385900,0.0,0.0
2025-08-28,BRK.B,498.0299987792969,500.1400146484375,496.07000732421875,499.8599853515625,499.8599853515625,4530400,0.0,0.0
2025-08-29,BRK.B,500.8500061035156,506.7200012207031,500.8500061035156,502.9800109863281,502.9800109863281,4663600,0.0,0.0
2025-09-02,BRK.B,504.239990234375,505.8999938964844,497.6199951171875,501.1400146484375,501.1400146484375,4977800,0.0,0.0
2025-09-03,BRK.B,499.54998779296875,502.1099853515625,496.5899963378906,501.489990234375,501.489990234375,3206200,0.0,0.0
2025-09-04,BRK.B,502.8999938964844,507.3800048828125,501.260009765625,506.9100036621094,506.9100036621094,2976700,0.0,0.0
2025-09-05,BRK.B,506.0,507.6600036621094,497.75,499.7699890136719,499.7699890136719,4222900,0.0,0.0
2025-09-08,BRK.B,499.0,499.6499938964844,493.4599914550781,493.7799987792969,493.7799987792969,5146300,0.0,0.0
2025-09-09,BRK.B,492.45001220703125,496.8500061035156,491.7200012207031,492.7200012207031,492.7200012207031,3748700,0.0,0.0
2025-09-10,BRK.B,490.0,491.70001220703125,486.2699890136719,490.0799865722656,490.0799865722656,5561600,0.0,0.0
2025-09-11,BRK.B,489.3299865722656,497.239990234375,489.0299987792969,496.9100036621094,496.9100036621094,3669000,0.0,0.0
2025-09-12,BRK.B,495.75,497.6300048828125,493.3399963378906,493.739990234375,493.739990234375,2951700,0.0,0.0
2025-09-15,BRK.B,493.6000061035156,495.2699890136719,489.5,491.5400085449219,491.5400085449219,3629800,0.0,0.0
2025-09-16,BRK.B,491.2699890136719,491.9200134277344,487.20001220703125,490.989990234375,490.989990234375,4070000,0.0,0.0
2025-09-17,BRK.B,490.94000244140625,495.989990234375,490.29998779296875,492.3299865722656,492.3299865722656,5060700,0.0,0.0
2025-09-18,BRK.B,489.6400146484375,494.8800048828125,488.0,490.5,490.5,4058900,0.0,0.0
2025-09-19,BRK.B,491.8699951171875,494.5,488.8800048828125,492.8500061035156,492.8500061035156,7356300,0.0,0.0
2025-09-22,BRK.B,490.57000732421875,494.7099914550781,489.2300109863281,493.7099914550781,493.7099914550781,3582900,0.0,0.0
2025-09-23,BRK.B,493.7699890136719,499.2799987792969,493.5199890136719,494.1000061035156,494.1000061035156,3933200,0.0,0.0
2025-09-24,BRK.B,493.29998779296875,497.1600036621094,493.1099853515625,497.0899963378906,497.0899963378906,2811500,0.0,0.0
2025-09-25,BRK.B,496.1499938964844,499.0,494.7300109863281,494.9599914550781,494.9599914550781,4056100,0.0,0.0
2025-09-26,BRK.B,496.94000244140625,502.1000061035156,496.6499938964844,500.0299987792969,500.0299987792969,3707600,0.0,0.0
2025-09-29,BRK.B,500.0,500.25,495.0199890136719,499.25,499.25,5161900,0.0,0.0
2025-09-30,BRK.B,497.6400146484375,503.7799987792969,497.0,502.739990234375,502.739990234375,3873500,0.0,0.0
2025-10-01,BRK.B,502.5,502.8699951171875,495.8999938964844,498.20001220703125,498.20001220703125,4481100,0.0,0.0
2025-10-02,BRK.B,496.9599914550781,499.6099853515625,493.2200012207031,495.9200134277344,495.9200134277344,3461400,0.0,0.0
2025-10-03,BRK.B,495.8999938964844,502.54998779296875,495.04998779296875,498.75,498.75,4678800,0.0,0.0
2025-10-06,BRK.B,499.5,504.9700012207031,498.0199890136719,500.0199890136719,500.0199890136719,3519500,0.0,0.0
2025-10-07,BRK.B,500.1600036621094,504.4599914550781,498.6099853515625,502.29998779296875,502.29998779296875,3057400,0.0,0.0
2025-10-08,BRK.B,502.7099914550781,503.5,498.55999755859375,499.8399963378906,499.8399963378906,2944600,0.0,0.0
2025-10-09,BRK.B,499.9800109863281,501.2200012207031,494.510009765625,496.739990234375,496.739990234375,3172200,0.0,0.0
2025-10-10,BRK.B,497.25,497.989990234375,489.05999755859375,489.1300048828125,489.1300048828125,4763800,0.0,0.0
2025-10-13,BRK.B,488.1499938964844,493.79998779296875,487.82000732421875,491.92999267578125,491.92999267578125,3183500,0.0,0.0
2025-10-14,BRK.B,490.0,497.05999755859375,489.95001220703125,495.9700012207031,495.9700012207031,3056000,0.0,0.0
2025-10-15,BRK.B,493.8999938964844,496.7300109863281,490.3500061035156,496.3900146484375,496.3900146484375,3566200,0.0,0.0
2025-10-16,BRK.B,495.6000061035156,496.0,485.79998779296875,488.80999755859375,488.80999755859375,4254300,0.0,0.0
2025-10-17,BRK.B,490.0,493.45001220703125,489.25,492.4200134277344,492.4200134277344,3794300,0.0,0.0
2025-10-20,BRK.B,492.3599853515625,494.4200134277344,490.32000732421875,494.0799865722656,494.0799865722656,4605300,0.0,0.0
2025-10-21,BRK.B,493.70001220703125,495.70001220703125,491.25,491.2900085449219,491.2900085449219,2714500,0.0,0.0
2025-10-22,BRK.B,491.7300109863281,492.9800109863281,488.19000244140625,491.80999755859375,491.80999755859375,3376000,0.0,0.0
2025-10-23,BRK.B,492.19000244140625,492.45001220703125,488.1099853515625,490.1600036621094,490.1600036621094,3063000,0.0,0.0
2025-10-24,BRK.B,490.9100036621094,492.9800109863281,489.3999938964844,492.1000061035156,492.1000061035156,3166800,0.0,0.0
2025-10-27,BRK.B,491.9200134277344,492.29998779296875,484.54998779296875,488.07000732421875,488.07000732421875,6451500,0.0,0.0
2025-10-28,BRK.B,484.9599914550781,485.6700134277344,481.1099853515625,481.44000244140625,481.44000244140625,5029100,0.0,0.0
2025-10-29,BRK.B,477.32000732421875,478.79998779296875,473.7200012207031,475.760009765625,475.760009765625,6204500,0.0,0.0
2025-10-30,BRK.B,474.8399963378906,480.9100036621094,474.8399963378906,478.5199890136719,478.5199890136719,4786600,0.0,0.0
2025-10-31,BRK.B,476.79998779296875,478.7099914550781,475.30999755859375,477.5400085449219,477.5400085449219,7146400,0.0,0.0
2025-11-03,BRK.B,479.510009765625,479.989990234375,473.1499938964844,475.67999267578125,475.67999267578125,5868100,0.0,0.0
2025-11-04,BRK.B,475.5,488.7900085449219,475.5,487.6600036621094,487.6600036621094,7803200,0.0,0.0
2025-11-05,BRK.B,487.3399963378906,493.8900146484375,487.3399963378906,488.7699890136719,488.7699890136719,6551200,0.0,0.0
2025-11-06,BRK.B,490.0,494.0299987792969,486.75,493.1499938964844,493.1499938964844,4964700,0.0,0.0
2025-11-07,BRK.B,494.92999267578125,500.1600036621094,493.3500061035156,499.05999755859375,499.05999755859375,6377800,0.0,0.0
2025-11-10,BRK.B,497.0799865722656,501.2799987792969,495.1300048828125,496.9800109863281,496.9800109863281,5084000,0.0,0.0
2025-11-11,BRK.B,498.5899963378906,499.69000244140625,494.20001220703125,497.07000732421875,497.07000732421875,2960200,0.0,0.0
2025-11-12,BRK.B,497.1600036621094,504.45001220703125,496.989990234375,502.3999938964844,502.3999938964844,5456000,0.0,0.0
2025-11-13,BRK.B,504.82000732421875,514.260009765625,504.82000732421875,513.1099853515625,513.1099853515625,7340700,0.0,0.0
2025-11-14,BRK.B,514.7000122070312,516.5499877929688,506.3500061035156,508.94000244140625,508.94000244140625,5462500,0.0,0.0
2025-11-17,BRK.B,510.7300109863281,511.260009765625,502.8399963378906,503.260009765625,503.260009765625,5371000,0.0,0.0
2025-11-18,BRK.B,503.3900146484375,506.6400146484375,500.6000061035156,504.3699951171875,504.3699951171875,5457400,0.0,0.0
2025-11-19,BRK.B,503.69000244140625,504.25,495.54998779296875,501.260009765625,501.260009765625,4695000,0.0,0.0
2025-11-20,BRK.B,501.1099853515625,506.45001220703125,500.80999755859375,501.1199951171875,501.1199951171875,5486900,0.0,0.0
2025-11-21,BRK.B,503.2799987792969,507.8399963378906,502.489990234375,504.0400085449219,504.0400085449219,6059000,0.0,0.0
2025-11-24,BRK.B,501.8999938964844,509.20001220703125,497.1700134277344,507.80999755859375,507.80999755859375,13404500,0.0,0.0
2025-11-25,BRK.B,508.92999267578125,512.3599853515625,506.8599853515625,508.57000732421875,508.57000732421875,4064000,0.0,0.0
2025-11-26,BRK.B,509.25,512.7000122070312,507.6499938964844,511.2300109863281,511.2300109863281,3686700,0.0,0.0
2025-11-28,BRK.B,511.8900146484375,516.8499755859375,511.55999755859375,513.8099975585938,513.8099975585938,2312200,0.0,0.0
2025-12-01,BRK.B,513.6500244140625,514.489990234375,508.17999267578125,508.54998779296875,508.54998779296875,3995200,0.0,0.0
2025-12-02,BRK.B,507.5899963378906,508.1099853515625,503.1099853515625,506.6499938964844,506.6499938964844,3378000,0.0,0.0
2025-12-03,BRK.B,507.5199890136719,509.6000061035156,503.6000061035156,503.6000061035156,503.6000061035156,3803200,0.0,0.0
2025-12-04,BRK.B,504.3800048828125,506.5,500.70001220703125,503.2300109863281,503.2300109863281,3574800,0.0,0.0
2025-12-05,BRK.B,503.8599853515625,505.760009765625,500.5400085449219,504.3399963378906,504.3399963378906,3463700,0.0,0.0
2025-12-08,BRK.B,502.1000061035156,502.9700012207031,490.6199951171875,497.2300109863281,497.2300109863281,7032200,0.0,0.0
2025-12-09,BRK.B,497.6300048828125,499.2200012207031,490.8299865722656,491.42999267578125,491.42999267578125,4574000,0.0,0.0
2025-12-10,BRK.B,490.8599853515625,495.8800048828125,488.9200134277344,490.42999267578125,490.42999267578125,4558800,0.0,0.0
2025-12-11,BRK.B,491.8299865722656,498.1499938964844,491.8299865722656,495.8500061035156,495.8500061035156,4493400,0.0,0.0
2025-12-12,BRK.B,496.7099914550781,500.0,494.5,499.5199890136719,499.5199890136719,4113700,0.0,0.0
2025-12-15,BRK.B,500.4200134277344,506.6199951171875,500.2799987792969,506.3800048828125,506.3800048828125,5173900,0.0,0.0
2025-12-16,BRK.B,507.04998779296875,508.1000061035156,499.4599914550781,499.8399963378906,499.8399963378906,4376700,0.0,0.0
2025-12-17,BRK.B,499.8999938964844,505.19000244140625,499.5,504.2699890136719,504.2699890136719,4128600,0.0,0.0
2025-12-18,BRK.B,502.2300109863281,505.42999267578125,501.010009765625,503.3900146484375,503.3900146484375,3646700,0.0,0.0
2025-12-19,BRK.B,503.04998779296875,503.82000732421875,494.5299987792969,494.5299987792969,494.5299987792969,14652800,0.0,0.0
2025-12-22,BRK.B,496.3399963378906,500.30999755859375,495.54998779296875,499.95001220703125,499.95001220703125,4070000,0.0,0.0
2025-12-23,BRK.B,500.4800109863281,502.3299865722656,498.1600036621094,500.510009765625,500.510009765625,3680800,0.0,0.0
2025-12-24,BRK.B,500.2900085449219,501.510009765625,499.25,501.3399963378906,501.3399963378906,2000200,0.0,0.0
2025-12-26,BRK.B,500.45001220703125,501.55999755859375,496.8299865722656,498.29998779296875,498.29998779296875,2247600,0.0,0.0
2025-12-29,BRK.B,499.20001220703125,501.5,497.2099914550781,501.04998779296875,501.04998779296875,3056200,0.0,0.0
2025-12-30,BRK.B,500.9800109863281,505.1099853515625,500.3299865722656,503.7099914550781,503.7099914550781,2897100,0.0,0.0
2025-12-31,BRK.B,503.9200134277344,505.8900146484375,502.4800109863281,502.6499938964844,502.6499938964844,3105200,0.0,0.0
2025-07-01,AMZN,219.5,221.8800048828125,217.92999267578125,220.4600067138672,220.4600067138672,39256800,0.0,0.0
2025-07-02,AMZN,219.72999572753906,221.60000610351562,219.05999755859375,219.9199981689453,219.9199981689453,30894200,0.0,0.0
2025-07-03,AMZN,221.82000732421875,224.00999450683594,221.36000061035156,223.41000366210938,223.41000366210938,29632400,0.0,0.0
2025-07-07,AMZN,223.0,224.2899932861328,222.3699951171875,223.47000122070312,223.47000122070312,36604100,0.0,0.0
2025-07-08,AMZN,223.9199981689453,224.0,218.42999267578125,219.36000061035156,219.36000061035156,45692000,0.0,0.0
2025-07-09,AMZN,221.07000732421875,224.2899932861328,220.47000122070312,222.5399932861328,222.5399932861328,38155100,0.0,0.0
2025-07-10,AMZN,221.5500030517578,222.7899932861328,219.6999969482422,222.25999450683594,222.25999450683594,30370600,0.0,0.0
2025-07-11,AMZN,223.5800018310547,226.67999267578125,222.3699951171875,225.02000427246094,225.02000427246094,50518300,0.0,0.0
2025-07-14,AMZN,225.07000732421875,226.66000366210938,224.24000549316406,225.69000244140625,225.69000244140625,35702600,0.0,0.0
2025-07-15,AMZN,226.1999969482422,227.27000427246094,225.4600067138672,226.35000610351562,226.35000610351562,34907300,0.0,0.0
2025-07-16,AMZN,225.8800048828125,226.10000610351562,222.17999267578125,223.19000244140625,223.19000244140625,39535900,0.0,0.0
2025-07-17,AMZN,223.32000732421875,224.5,222.50999450683594,223.8800048828125,223.8800048828125,31855800,0.0,0.0
2025-07-18,AMZN,225.13999938964844,226.39999389648438,222.97999572753906,226.1300048828125,226.1300048828125,37833800,0.0,0.0
2025-07-21,AMZN,225.83999633789062,229.69000244140625,225.64999389648438,229.3000030517578,229.3000030517578,40297600,0.0,0.0
2025-07-22,AMZN,229.67999267578125,230.0,226.35000610351562,227.47000122070312,227.47000122070312,37483700,0.0,0.0
2025-07-23,AMZN,228.47000122070312,228.7899932861328,227.08999633789062,228.2899932861328,228.2899932861328,28294900,0.0,0.0
2025-07-24,AMZN,229.1699981689453,236.0,228.63999938964844,232.22999572753906,232.22999572753906,42902300,0.0,0.0
2025-07-25,AMZN,232.22000122070312,232.47999572753906,231.17999267578125,231.44000244140625,231.44000244140625,28712100,0.0,0.0
2025-07-28,AMZN,233.35000610351562,234.2899932861328,232.25,232.7899932861328,232.7899932861328,26300100,0.0,0.0
2025-07-29,AMZN,234.14999389648438,234.72000122070312,230.30999755859375,231.00999450683594,231.00999450683594,33716200,0.0,0.0
2025-07-30,AMZN,231.63999938964844,231.8000030517578,229.2899932861328,230.19000244140625,230.19000244140625,32993300,0.0,0.0
2025-07-31,AMZN,235.77000427246094,236.52999877929688,231.39999389648438,234.11000061035156,234.11000061035156,104357300,0.0,0.0
2025-08-01,AMZN,217.2100067138672,220.44000244140625,212.8000030517578,214.75,214.75,122258800,0.0,0.0
2025-08-04,AMZN,217.39999389648438,217.44000244140625,211.4199981689453,211.64999389648438,211.64999389648438,77890100,0.0,0.0
2025-08-05,AMZN,213.0500030517578,216.3000030517578,212.8699951171875,213.75,213.75,51505100,0.0,0.0
2025-08-06,AMZN,214.6999969482422,222.64999389648438,213.74000549316406,222.30999755859375,222.30999755859375,54823000,0.0,0.0
2025-08-07,AMZN,221.0,226.22000122070312,220.82000732421875,223.1300048828125,223.1300048828125,40603500,0.0,0.0
2025-08-08,AMZN,223.13999938964844,223.8000030517578,221.8800048828125,222.69000244140625,222.69000244140625,32970500,0.0,0.0
2025-08-11,AMZN,221.77999877929688,223.0500030517578,220.39999389648438,221.3000030517578,221.3000030517578,31646200,0.0,0.0
2025-08-12,AMZN,222.22999572753906,223.5,219.0500030517578,221.47000122070312,221.47000122070312,37185800,0.0,0.0
2025-08-13,AMZN,222.0,224.9199981689453,222.0,224.55999755859375,224.55999755859375,36508300,0.0,0.0
2025-08-14,AMZN,227.39999389648438,233.11000061035156,227.02000427246094,230.97999572753906,230.97999572753906,61545800,0.0,0.0
2025-08-15,AMZN,232.5800018310547,234.0800018310547,229.80999755859375,231.02999877929688,231.02999877929688,39649200,0.0,0.0
2025-08-18,AMZN,230.22999572753906,231.91000366210938,228.3300018310547,231.49000549316406,231.49000549316406,25248900,0.0,0.0
2025-08-19,AMZN,230.08999633789062,230.52999877929688,227.1199951171875,228.00999450683594,228.00999450683594,29891000,0.0,0.0
2025-08-20,AMZN,227.1199951171875,227.27000427246094,220.9199981689453,223.80999755859375,223.80999755859375,36604300,0.0,0.0
2025-08-21,AMZN,222.64999389648438,222.77999877929688,220.5,221.9499969482422,221.9499969482422,32140500,0.0,0.0
2025-08-22,AMZN,222.7899932861328,229.13999938964844,220.82000732421875,228.83999633789062,228.83999633789062,37315300,0.0,0.0
2025-08-25,AMZN,227.35000610351562,229.60000610351562,227.30999755859375,227.94000244140625,227.94000244140625,22633700,0.0,0.0
2025-08-26,AMZN,227.11000061035156,229.0,226.02000427246094,228.7100067138672,228.7100067138672,26105400,0.0,0.0
2025-08-27,AMZN,228.57000732421875,229.8699951171875,227.80999755859375,229.1199951171875,229.1199951171875,21254500,0.0,0.0
2025-08-28,AMZN,229.00999450683594,232.7100067138672,228.02000427246094,231.60000610351562,231.60000610351562,33679600,0.0,0.0
2025-08-29,AMZN,231.32000732421875,231.80999755859375,228.16000366210938,229.0,229.0,26199200,0.0,0.0
2025-09-02,AMZN,223.52000427246094,226.1699981689453,221.8300018310547,225.33999633789062,225.33999633789062,38843900,0.0,0.0
2025-09-03,AMZN,225.2100067138672,227.1699981689453,224.36000061035156,225.99000549316406,225.99000549316406,29223100,0.0,0.0
2025-09-04,AMZN,231.19000244140625,235.77000427246094,230.77999877929688,235.67999267578125,235.67999267578125,59391800,0.0,0.0
2025-09-05,AMZN,235.19000244140625,236.0,231.92999267578125,232.3300018310547,232.3300018310547,36721800,0.0,0.0
2025-09-08,AMZN,234.94000244140625,237.60000610351562,233.75,235.83999633789062,235.83999633789062,33947100,0.0,0.0
2025-09-09,AMZN,236.36000061035156,238.85000610351562,235.0800018310547,238.24000549316406,238.24000549316406,27033800,0.0,0.0
2025-09-10,AMZN,237.52000427246094,237.67999267578125,229.10000610351562,230.3300018310547,230.3300018310547,60907700,0.0,0.0
2025-09-11,AMZN,231.49000549316406,231.52999877929688,229.33999633789062,229.9499969482422,229.9499969482422,37485600,0.0,0.0
2025-09-12,AMZN,230.35000610351562,230.7899932861328,226.2899932861328,228.14999389648438,228.14999389648438,38496200,0.0,0.0
2025-09-15,AMZN,230.6300048828125,233.72999572753906,230.32000732421875,231.42999267578125,231.42999267578125,33243300,0.0,0.0
2025-09-16,AMZN,232.94000244140625,235.89999389648438,232.22999572753906,234.0500030517578,234.0500030517578,38203900,0.0,0.0
2025-09-17,AMZN,233.77000427246094,234.3000030517578,228.7100067138672,231.6199951171875,231.6199951171875,42815200,0.0,0.0
2025-09-18,AMZN,232.5,233.47999572753906,228.7899932861328,231.22999572753906,231.22999572753906,37931700,0.0,0.0
2025-09-19,AMZN,232.3699951171875,234.16000366210938,229.6999969482422,231.47999572753906,231.47999572753906,97943200,0.0,0.0
2025-09-22,AMZN,230.55999755859375,230.57000732421875,227.50999450683594,227.6300048828125,227.6300048828125,45914500,0.0,0.0
2025-09-23,AMZN,227.8300018310547,227.86000061035156,220.07000732421875,220.7100067138672,220.7100067138672,70956200,0.0,0.0
2025-09-24,AMZN,224.14999389648438,224.55999755859375,219.4499969482422,220.2100067138672,220.2100067138672,49509000,0.0,0.0
2025-09-25,AMZN,220.05999755859375,220.6699981689453,216.47000122070312,218.14999389648438,218.14999389648438,52226300,0.0,0.0
2025-09-26,AMZN,219.0800018310547,221.0500030517578,218.02000427246094,219.77999877929688,219.77999877929688,41650100,0.0,0.0
2025-09-29,AMZN,220.0800018310547,222.60000610351562,219.3000030517578,222.1699981689453,222.1699981689453,44259200,0.0,0.0
2025-09-30,AMZN,222.02999877929688,222.24000549316406,217.88999938964844,219.57000732421875,219.57000732421875,48396400,0.0,0.0
2025-10-01,AMZN,217.36000061035156,222.14999389648438,216.61000061035156,220.6300048828125,220.6300048828125,43933800,0.0,0.0
2025-10-02,AMZN,221.00999450683594,222.80999755859375,218.9499969482422,222.41000366210938,222.41000366210938,41258600,0.0,0.0
2025-10-03,AMZN,223.44000244140625,224.1999969482422,219.33999633789062,219.50999450683594,219.50999450683594,43639000,0.0,0.0
2025-10-06,AMZN,221.0,221.72999572753906,216.02999877929688,220.89999389648438,220.89999389648438,43690900,0.0,0.0
2025-10-07,AMZN,220.8800048828125,222.88999938964844,220.1699981689453,221.77999877929688,221.77999877929688,31194700,0.0,0.0
2025-10-08,AMZN,222.9199981689453,226.72999572753906,221.19000244140625,225.22000122070312,225.22000122070312,46686000,0.0,0.0
2025-10-09,AMZN,225.0,228.2100067138672,221.75,227.74000549316406,227.74000549316406,46412100,0.0,0.0
2025-10-10,AMZN,226.2100067138672,228.25,216.0,216.3699951171875,216.3699951171875,72367500,0.0,0.0
2025-10-13,AMZN,217.6999969482422,220.67999267578125,217.0399932861328,220.07000732421875,220.07000732421875,37809700,0.0,0.0
2025-10-14,AMZN,215.55999755859375,219.32000732421875,212.60000610351562,216.38999938964844,216.38999938964844,45665600,0.0,0.0
2025-10-15,AMZN,216.6199951171875,217.7100067138672,212.66000366210938,215.57000732421875,215.57000732421875,45909500,0.0,0.0
2025-10-16,AMZN,215.6699981689453,218.58999633789062,212.80999755859375,214.47000122070312,214.47000122070312,42414600,0.0,0.0
2025-10-17,AMZN,214.55999755859375,214.8000030517578,211.02999877929688,213.0399932861328,213.0399932861328,45986900,0.0,0.0
2025-10-20,AMZN,213.8800048828125,216.69000244140625,213.58999633789062,216.47999572753906,216.47999572753906,38882800,0.0,0.0
2025-10-21,AMZN,218.42999267578125,223.32000732421875,217.99000549316406,222.02999877929688,222.02999877929688,50494600,0.0,0.0
2025-10-22,AMZN,219.3000030517578,220.00999450683594,216.52000427246094,217.9499969482422,217.9499969482422,44308500,0.0,0.0
2025-10-23,AMZN,219.0,221.3000030517578,218.17999267578125,221.08999633789062,221.08999633789062,31540000,0.0,0.0
2025-10-24,AMZN,221.97000122070312,225.39999389648438,221.89999389648438,224.2100067138672,224.2100067138672,38685100,0.0,0.0
2025-10-27,AMZN,227.66000366210938,228.39999389648438,225.5399932861328,226.97000122070312,226.97000122070312,38267000,0.0,0.0
2025-10-28,AMZN,228.22000122070312,231.49000549316406,226.2100067138672,229.25,229.25,47100000,0.0,0.0
2025-10-29,AMZN,231.6699981689453,232.82000732421875,227.75999450683594,230.3000030517578,230.3000030517578,52036200,0.0,0.0
2025-10-30,AMZN,227.05999755859375,228.44000244140625,222.75,222.86000061035156,222.86000061035156,102252900,0.0,0.0
2025-10-31,AMZN,250.10000610351562,250.5,243.97999572753906,244.22000122070312,244.22000122070312,166340800,0.0,0.0
2025-11-03,AMZN,255.36000061035156,258.6000061035156,252.89999389648438,254.0,254.0,95997800,0.0,0.0
2025-11-04,AMZN,250.3800048828125,257.010009765625,248.66000366210938,249.32000732421875,249.32000732421875,51546300,0.0,0.0
2025-11-05,AMZN,249.02999877929688,251.0,246.16000366210938,250.1999969482422,250.1999969482422,40610700,0.0,0.0
2025-11-06,AMZN,249.16000366210938,250.3800048828125,242.1699981689453,243.0399932861328,243.0399932861328,46004200,0.0,0.0
2025-11-07,AMZN,242.89999389648438,244.89999389648438,238.49000549316406,244.41000366210938,244.41000366210938,46374300,0.0,0.0
2025-11-10,AMZN,248.33999633789062,251.75,245.58999633789062,248.39999389648438,248.39999389648438,36476500,0.0,0.0
2025-11-11,AMZN,248.41000366210938,249.75,247.22999572753906,249.10000610351562,249.10000610351562,23564100,0.0,0.0
2025-11-12,AMZN,250.24000549316406,250.3699951171875,243.75,244.1999969482422,244.1999969482422,31190100,0.0,0.0
2025-11-13,AMZN,243.0500030517578,243.75,236.5,237.5800018310547,237.5800018310547,41401700,0.0,0.0
2025-11-14,AMZN,235.05999755859375,238.72999572753906,232.88999938964844,234.69000244140625,234.69000244140625,38956700,0.0,0.0
2025-11-17,AMZN,233.25,234.60000610351562,229.19000244140625,232.8699951171875,232.8699951171875,59919000,0.0,0.0
2025-11-18,AMZN,228.10000610351562,230.1999969482422,222.4199981689453,222.5500030517578,222.5500030517578,60608400,0.0,0.0
2025-11-19,AMZN,223.74000549316406,223.74000549316406,218.52000427246094,222.69000244140625,222.69000244140625,58335600,0.0,0.0
2025-11-20,AMZN,227.0500030517578,227.41000366210938,216.74000549316406,217.13999938964844,217.13999938964844,50309000,0.0,0.0
2025-11-21,AMZN,216.35000610351562,222.2100067138672,215.17999267578125,220.69000244140625,220.69000244140625,68490500,0.0,0.0
2025-11-24,AMZN,222.55999755859375,227.3300018310547,222.27000427246094,226.27999877929688,226.27999877929688,54318400,0.0,0.0
2025-11-25,AMZN,226.3800048828125,230.52000427246094,223.8000030517578,229.6699981689453,229.6699981689453,39379300,0.0,0.0
2025-11-26,AMZN,230.74000549316406,231.75,228.77000427246094,229.16000366210938,229.16000366210938,38497900,0.0,0.0
2025-11-28,AMZN,231.24000549316406,233.2899932861328,230.22000122070312,233.22000122070312,233.22000122070312,20292300,0.0,0.0
2025-12-01,AMZN,233.22000122070312,235.8000030517578,232.25,233.8800048828125,233.8800048828125,42904000,0.0,0.0
2025-12-02,AMZN,235.00999450683594,238.97000122070312,233.5500030517578,234.4199981689453,234.4199981689453,45785400,0.0,0.0
2025-12-03,AMZN,233.35000610351562,233.3800048828125,230.61000061035156,232.3800048828125,232.3800048828125,35495100,0.0,0.0
2025-12-04,AMZN,232.77000427246094,233.5,226.8000030517578,229.11000061035156,229.11000061035156,45683200,0.0,0.0
2025-12-05,AMZN,230.32000732421875,231.24000549316406,228.5500030517578,229.52999877929688,229.52999877929688,33117400,0.0,0.0
2025-12-08,AMZN,229.58999633789062,230.8300018310547,226.27000427246094,226.88999938964844,226.88999938964844,35019200,0.0,0.0
2025-12-09,AMZN,226.83999633789062,228.57000732421875,225.11000061035156,227.9199981689453,227.9199981689453,25841700,0.0,0.0
2025-12-10,AMZN,228.80999755859375,232.4199981689453,228.4600067138672,231.77999877929688,231.77999877929688,38790700,0.0,0.0
2025-12-11,AMZN,230.7100067138672,232.11000061035156,228.69000244140625,230.27999877929688,230.27999877929688,28249600,0.0,0.0
2025-12-12,AMZN,229.8699951171875,230.0800018310547,225.1199951171875,226.19000244140625,226.19000244140625,35639100,0.0,0.0
2025-12-15,AMZN,227.92999267578125,227.92999267578125,221.5,222.5399932861328,222.5399932861328,47286100,0.0,0.0
2025-12-16,AMZN,223.0399932861328,223.66000366210938,221.1300048828125,222.55999755859375,222.55999755859375,39298900,0.0,0.0
2025-12-17,AMZN,224.66000366210938,225.19000244140625,220.99000549316406,221.27000427246094,221.27000427246094,44034400,0.0,0.0
2025-12-18,AMZN,225.7100067138672,229.22999572753906,224.41000366210938,226.75999450683594,226.75999450683594,50272400,0.0,0.0
2025-12-19,AMZN,226.75999450683594,229.1300048828125,225.5800018310547,227.35000610351562,227.35000610351562,85544400,0.0,0.0
2025-12-22,AMZN,228.61000061035156,229.47999572753906,226.7100067138672,228.42999267578125,228.42999267578125,32261300,0.0,0.0
2025-12-23,AMZN,229.05999755859375,232.4499969482422,228.72999572753906,232.13999938964844,232.13999938964844,29230200,0.0,0.0
2025-12-24,AMZN,232.1300048828125,232.9499969482422,231.3300018310547,232.3800048828125,232.3800048828125,11420500,0.0,0.0
2025-12-26,AMZN,232.0399932861328,232.99000549316406,231.17999267578125,232.52000427246094,232.52000427246094,15994700,0.0,0.0
2025-12-29,AMZN,231.94000244140625,232.60000610351562,230.77000427246094,232.07000732421875,232.07000732421875,19797900,0.0,0.0
2025-12-30,AMZN,231.2100067138672,232.77000427246094,230.1999969482422,232.52999877929688,232.52999877929688,21910500,0.0,0.0
2025-12-31,AMZN,232.91000366210938,232.99000549316406,230.1199951171875,230.82000732421875,230.82000732421875,24383700,0.0,0.0
2025-07-01,XOM,108.12999725341797,109.63999938964844,107.1500015258789,109.23999786376953,106.58396911621094,15536900,0.0,0.0
2025-07-02,XOM,110.0,111.36000061035156,108.83000183105469,111.05000305175781,108.34996795654297,11892200,0.0,0.0
2025-07-03,XOM,110.86000061035156,112.47000122070312,110.62000274658203,112.19999694824219,109.47200012207031,11223600,0.0,0.0
2025-07-07,XOM,111.54000091552734,112.05000305175781,110.22000122070312,111.11000061035156,108.40850067138672,15415900,0.0,0.0
2025-07-08,XOM,110.88999938964844,114.45999908447266,110.8499984741211,114.19000244140625,111.41361999511719,17913400,0.0,0.0
2025-07-09,XOM,113.91999816894531,114.2699966430664,113.2699966430664,113.80000305175781,111.0331039428711,10652100,0.0,0.0
2025-07-10,XOM,113.70999908447266,115.2699966430664,113.06999969482422,114.93000030517578,112.13562774658203,14901700,0.0,0.0
2025-07-11,XOM,114.8499984741211,115.76000213623047,114.51000213623047,115.43000030517578,112.62347412109375,11683900,0.0,0.0
2025-07-14,XOM,115.2300033569336,115.2300033569336,113.22000122070312,113.91999816894531,111.15018463134766,13220300,0.0,0.0
2025-07-15,XOM,113.66000366210938,114.05999755859375,112.5999984741211,112.91000366210938,110.16474914550781,10959300,0.0,0.0
2025-07-16,XOM,112.87999725341797,113.5,112.0999984741211,112.2300033569336,109.50127410888672,11158900,0.0,0.0
2025-07-17,XOM,111.48999786376953,112.2300033569336,111.08999633789062,111.66000366210938,108.94512939453125,13151400,0.0,0.0
2025-07-18,XOM,111.11000061035156,111.7300033569336,107.33999633789062,107.7699966430664,105.14971160888672,32366600,0.0,0.0
2025-07-21,XOM,107.5999984741211,108.7699966430664,107.44000244140625,108.05000305175781,105.42290496826172,17010400,0.0,0.0
2025-07-22,XOM,107.9800033569336,109.44000244140625,107.61000061035156,108.54000091552734,105.90098571777344,13970900,0.0,0.0
2025-07-23,XOM,108.93000030517578,110.0,108.8499984741211,109.93000030517578,107.25718688964844,12002700,0.0,0.0
2025-07-24,XOM,109.66000366210938,110.94999694824219,109.12999725341797,110.79000091552734,108.0962905883789,15647200,0.0,0.0
2025-07-25,XOM,110.7300033569336,110.9800033569336,109.69999694824219,110.4000015258789,107.71576690673828,10548900,0.0,0.0
2025-07-28,XOM,111.0,112.11000061035156,110.83999633789062,111.44000244140625,108.73047637939453,12353000,0.0,0.0
2025-07-29,XOM,111.9000015258789,113.0,111.41000366210938,112.87999725341797,110.13546752929688,15928000,0.0,0.0
2025-07-30,XOM,112.41000366210938,112.61000061035156,111.26000213623047,111.9000015258789,109.17930603027344,12996900,0.0,0.0
2025-07-31,XOM,110.36000061035156,112.5,110.36000061035156,111.63999938964844,108.92561340332031,17233700,0.0,0.0
2025-08-01,XOM,112.0,112.54000091552734,108.86000061035156,109.63999938964844,106.9742431640625,19652000,0.0,0.0
2025-08-04,XOM,109.22000122070312,109.91999816894531,107.08999633789062,107.37000274658203,104.75944519042969,19129500,0.0,0.0
2025-08-05,XOM,107.22000122070312,107.81999969482422,106.06999969482422,107.23999786376953,104.63259887695312,21314300,0.0,0.0
2025-08-06,XOM,108.30999755859375,109.05000305175781,106.37000274658203,106.51000213623047,103.92034912109375,15321800,0.0,0.0
2025-08-07,XOM,107.13999938964844,108.05999755859375,105.88999938964844,105.94999694824219,103.37396240234375,13468300,0.0,0.0
2025-08-08,XOM,106.5,107.51000213623047,105.94999694824219,106.80000305175781,104.20330047607422,14417700,0.0,0.0
2025-08-11,XOM,107.11000061035156,107.52999877929688,105.52999877929688,105.83000183105469,103.25688171386719,13570700,0.0,0.0
2025-08-12,XOM,106.33999633789062,107.27999877929688,105.77999877929688,106.12999725341797,103.5495834350586,14109400,0.0,0.0
2025-08-13,XOM,106.0,107.5999984741211,105.73999786376953,107.5999984741211,104.98384094238281,17958700,0.0,0.0
2025-08-14,XOM,107.55000305175781,107.58999633789062,106.44000244140625,107.37999725341797,104.7691879272461,13683500,0.0,0.0
2025-08-15,XOM,106.19000244140625,107.55999755859375,105.94999694824219,106.48999786376953,104.86766815185547,19271900,0.99,0.0
2025-08-18,XOM,106.0999984741211,107.2300033569336,105.66999816894531,106.72000122070312,105.09416961669922,13040000,0.0,0.0
2025-08-19,XOM,106.19999694824219,107.45999908447266,106.1500015258789,107.41999816894531,105.78350067138672,16113600,0.0,0.0
2025-08-20,XOM,107.87999725341797,109.33000183105469,107.68000030517578,108.52999877929688,106.87659454345703,18959700,0.0,0.0
2025-08-21,XOM,108.41999816894531,109.56999969482422,107.95999908447266,109.2300033569336,107.56593322753906,12194900,0.0,0.0
2025-08-22,XOM,109.5999984741211,111.41000366210938,109.5999984741211,111.27999877929688,109.5846939086914,13586700,0.0,0.0
2025-08-25,XOM,110.9000015258789,111.91999816894531,110.54000091552734,111.73999786376953,110.03768157958984,9744900,0.0,0.0
2025-08-26,XOM,111.37000274658203,111.80999755859375,110.36000061035156,111.48999786376953,109.79148864746094,18143900,0.0,0.0
2025-08-27,XOM,111.41999816894531,112.9800033569336,111.41999816894531,112.75,111.03230285644531,15262600,0.0,0.0
2025-08-28,XOM,112.87000274658203,113.6500015258789,112.06999969482422,113.3499984741211,111.62316131591797,14189800,0.0,0.0
2025-08-29,XOM,113.72000122070312,114.79000091552734,113.58000183105469,114.29000091552734,112.54883575439453,14597900,0.0,0.0
2025-09-02,XOM,114.18000030517578,115.23999786376953,113.33000183105469,114.69000244140625,112.9427490234375,15206700,0.0,0.0
2025-09-03,XOM,113.97000122070312,114.43000030517578,111.45999908447266,111.91000366210938,110.2051010131836,14920100,0.0,0.0
2025-09-04,XOM,112.11000061035156,113.12999725341797,111.37999725341797,112.4000015258789,110.68762969970703,12864400,0.0,0.0
2025-09-05,XOM,111.5999984741211,111.77999877929688,109.0199966430664,109.2300033569336,107.56593322753906,16826700,0.0,0.0
2025-09-08,XOM,109.7300033569336,110.05000305175781,108.3499984741211,109.8499984741211,108.17647552490234,15440500,0.0,0.0
2025-09-09,XOM,110.52999877929688,112.51000213623047,110.52999877929688,110.6500015258789,108.96429443359375,14899500,0.0,0.0
2025-09-10,XOM,111.16000366210938,112.55999755859375,110.83999633789062,112.5,110.7861099243164,15837600,0.0,0.0
2025-09-11,XOM,111.4000015258789,112.7699966430664,110.87000274658203,112.13999938964844,110.43159484863281,11534500,0.0,0.0
2025-09-12,XOM,112.86000061035156,113.22000122070312,111.87999725341797,112.16000366210938,110.4512939453125,11105700,0.0,0.0
2025-09-15,XOM,112.18000030517578,112.45999908447266,111.31999969482422,112.3499984741211,110.63838958740234,12880500,0.0,0.0
2025-09-16,XOM,112.95999908447266,115.31999969482422,112.77999877929688,114.68000030517578,112.93289947509766,17208000,0.0,0.0
2025-09-17,XOM,114.52999877929688,115.48999786376953,114.05000305175781,115.29000091552734,113.53360748291016,13302000,0.0,0.0
2025-09-18,XOM,115.16999816894531,115.3499984741211,113.4000015258789,113.93000030517578,112.19432067871094,14628700,0.0,0.0
2025-09-19,XOM,113.9000015258789,113.9800033569336,112.63999938964844,112.81999969482422,111.10123443603516,38746500,0.0,0.0
2025-09-22,XOM,112.44999694824219,112.80000305175781,111.55999755859375,112.0199966430664,110.31341552734375,15611500,0.0,0.0
2025-09-23,XOM,112.72000122070312,114.75,112.4800033569336,113.94999694824219,112.21401977539062,25369100,0.0,0.0
2025-09-24,XOM,114.56999969482422,115.76000213623047,114.47000122070312,114.55999755859375,112.8147201538086,14756100,0.0,0.0
2025-09-25,XOM,114.63999938964844,115.9000015258789,114.41000366210938,115.58999633789062,113.82903289794922,15012600,0.0,0.0
2025-09-26,XOM,115.95999908447266,118.36000061035156,115.91999816894531,117.22000122070312,115.4342041015625,18568900,0.0,0.0
2025-09-29,XOM,116.05999755859375,116.5,113.66999816894531,114.22000122070312,112.47991180419922,19189300,0.0,0.0
2025-09-30,XOM,113.3499984741211,113.48999786376953,111.94000244140625,112.75,111.03230285644531,18076200,0.0,0.0
2025-10-01,XOM,112.55999755859375,113.0199966430664,111.29000091552734,111.98999786376953,110.28387451171875,16614000,0.0,0.0
2025-10-02,XOM,111.97000122070312,113.08999633789062,111.02999877929688,111.29000091552734,109.59454345703125,13062600,0.0,0.0
2025-10-03,XOM,111.9000015258789,113.75,111.9000015258789,113.26000213623047,111.53453826904297,12950100,0.0,0.0
2025-10-06,XOM,113.29000091552734,114.7699966430664,113.18000030517578,114.19999694824219,112.46021270751953,12036800,0.0,0.0
2025-10-07,XOM,114.06999969482422,114.51000213623047,111.73999786376953,114.26000213623047,112.51929473876953,11945000,0.0,0.0
2025-10-08,XOM,114.37999725341797,115.01000213623047,113.41000366210938,114.0199966430664,112.28295135498047,12301000,0.0,0.0
2025-10-09,XOM,114.43000030517578,115.51000213623047,112.73999786376953,112.91000366210938,111.18987274169922,10976200,0.0,0.0
2025-10-10,XOM,112.26000213623047,112.62000274658203,110.70999908447266,110.7300033569336,109.04307556152344,13811600,0.0,0.0
2025-10-13,XOM,111.54000091552734,112.30000305175781,111.31999969482422,112.23999786376953,110.53006744384766,10296500,0.0,0.0
2025-10-14,XOM,110.76000213623047,112.95999908447266,110.70999908447266,112.29000091552734,110.57930755615234,11167200,0.0,0.0
2025-10-15,XOM,112.80000305175781,113.56999969482422,110.97000122070312,111.61000061035156,109.90966796875,12182900,0.0,0.0
2025-10-16,XOM,111.87999725341797,112.19000244140625,110.38999938964844,110.63999938964844,108.95445251464844,11782200,0.0,0.0
2025-10-17,XOM,111.62999725341797,112.91000366210938,111.18000030517578,112.23999786376953,110.53006744384766,13460100,0.0,0.0
2025-10-20,XOM,112.0,113.1500015258789,111.9800033569336,112.69999694824219,110.9830551147461,9523600,0.0,0.0
2025-10-21,XOM,112.88999938964844,113.36000061035156,111.98999786376953,112.70999908447266,110.99291229248047,9202300,0.0,0.0
2025-10-22,XOM,113.44999694824219,115.18000030517578,113.08000183105469,114.70999908447266,112.96244049072266,12938800,0.0,0.0
2025-10-23,XOM,116.62999725341797,116.8499984741211,115.36000061035156,115.9800033569336,114.21309661865234,15001100,0.0,0.0
2025-10-24,XOM,116.3499984741211,116.47000122070312,115.18000030517578,115.38999938964844,113.632080078125,9919400,0.0,0.0
2025-10-27,XOM,115.69999694824219,115.98999786376953,115.0999984741211,115.94000244140625,114.1737060546875,10975400,0.0,0.0
2025-10-28,XOM,115.48999786376953,116.18000030517578,114.98999786376953,115.02999877929688,113.2775650024414,9535200,0.0,0.0
2025-10-29,XOM,114.91999816894531,117.05000305175781,114.80999755859375,116.44999694824219,114.6759262084961,12570600,0.0,0.0
2025-10-30,XOM,116.43000030517578,116.5199966430664,114.52999877929688,114.69000244140625,112.9427490234375,16172900,0.0,0.0
2025-10-31,XOM,113.9800033569336,115.2300033569336,112.62000274658203,114.36000061035156,112.6177749633789,20213400,0.0,0.0
2025-11-03,XOM,114.5,114.98999786376953,113.63999938964844,113.76000213623047,112.02691650390625,12290300,0.0,0.0
2025-11-04,XOM,113.37999725341797,114.3499984741211,112.51000213623047,114.13999938964844,112.401123046875,16860700,0.0,0.0
2025-11-05,XOM,114.08999633789062,115.18000030517578,113.66999816894531,113.68000030517578,111.94813537597656,12400900,0.0,0.0
2025-11-06,XOM,113.63999938964844,114.94000244140625,113.63999938964844,114.5,112.75564575195312,14219700,0.0,0.0
2025-11-07,XOM,115.20999908447266,117.51000213623047,114.9000015258789,117.22000122070312,115.4342041015625,17181100,0.0,0.0
2025-11-10,XOM,117.44000244140625,118.44999694824219,115.45999908447266,118.22000122070312,116.4189682006836,13048000,0.0,0.0
2025-11-11,XOM,118.83000183105469,120.80999755859375,118.83000183105469,119.77999877929688,117.9552001953125,16077100,0.0,0.0
2025-11-12,XOM,119.0999984741211,119.27999877929688,117.79000091552734,118.12000274658203,116.32049560546875,13790900,0.0,0.0
2025-11-13,XOM,118.62999725341797,119.76000213623047,118.27999877929688,118.79000091552734,116.98028564453125,17291900,0.0,0.0
2025-11-14,XOM,118.44999694824219,119.4800033569336,116.66000366210938,119.29000091552734,118.50015258789062,17064300,1.03,0.0
2025-11-17,XOM,118.97000122070312,119.5,117.11000061035156,117.68000030517578,116.90081024169922,16034900,0.0,0.0
2025-11-18,XOM,117.26000213623047,119.4800033569336,116.4800033569336,119.02999877929688,118.24187469482422,15808500,0.0,0.0
2025-11-19,XOM,116.8499984741211,118.18000030517578,115.93000030517578,117.3499984741211,116.572998046875,15919200,0.0,0.0
2025-11-20,XOM,117.9800033569336,119.01000213623047,116.73999786376953,117.0199966430664,116.24517822265625,14401000,0.0,0.0
2025-11-21,XOM,116.98999786376953,117.37999725341797,115.6500015258789,117.08000183105469,116.3047866821289,15667600,0.0,0.0
2025-11-24,XOM,117.19999694824219,117.19999694824219,114.73999786376953,115.97000122070312,115.20213317871094,18034900,0.0,0.0
2025-11-25,XOM,115.18000030517578,115.9000015258789,114.19000244140625,114.51000213623047,113.75180053710938,14434600,0.0,0.0
2025-11-26,XOM,114.41000366210938,115.73999786376953,114.30999755859375,114.7699966430664,114.01007843017578,11650600,0.0,0.0
2025-11-28,XOM,114.94999694824219,118.73999786376953,114.81999969482422,115.91999816894531,115.1524658203125,7240800,0.0,0.0
2025-12-01,XOM,116.0999984741211,117.41000366210938,116.0999984741211,116.62999725341797,115.8577651977539,12658100,0.0,0.0
2025-12-02,XOM,116.44000244140625,116.5999984741211,114.69000244140625,115.37999725341797,114.61603546142578,14607700,0.0,0.0
2025-12-03,XOM,115.94999694824219,117.9800033569336,115.87999725341797,117.80000305175781,117.02001953125,16819100,0.0,0.0
2025-12-04,XOM,117.5,118.33999633789062,116.66000366210938,117.13999938964844,116.36438751220703,13686900,0.0,0.0
2025-12-05,XOM,116.75,118.77999877929688,116.41000366210938,116.54000091552734,115.76836395263672,12516900,0.0,0.0
2025-12-08,XOM,115.83000183105469,117.0,115.04000091552734,115.9800033569336,115.21207427978516,14904200,0.0,0.0
2025-12-09,XOM,116.9000015258789,120.47000122070312,116.88999938964844,118.25,117.467041015625,23790800,0.0,0.0
2025-12-10,XOM,118.7300033569336,119.87000274658203,118.37000274658203,119.54000091552734,118.74849700927734,19845200,0.0,0.0
2025-12-11,XOM,119.11000061035156,120.36000061035156,119.06999969482422,119.54000091552734,118.74849700927734,14781800,0.0,0.0
2025-12-12,XOM,119.44000244140625,119.91999816894531,118.30999755859375,118.81999969482422,118.03326416015625,14459500,0.0,0.0
2025-12-15,XOM,119.01000213623047,119.02999877929688,116.8499984741211,117.76000213623047,116.98028564453125,16358700,0.0,0.0
2025-12-16,XOM,116.7699966430664,116.83999633789062,114.61000061035156,114.68000030517578,113.9206771850586,17638700,0.0,0.0
2025-12-17,XOM,115.20999908447266,117.62000274658203,115.16999816894531,117.41000366210938,116.63260650634766,18502200,0.0,0.0
2025-12-18,XOM,116.98999786376953,116.98999786376953,115.62999725341797,116.54000091552734,115.76836395263672,13705600,0.0,0.0
2025-12-19,XOM,116.75,117.56999969482422,115.95999908447266,116.69000244140625,115.91736602783203,45412800,0.0,0.0
2025-12-22,XOM,117.33999633789062,118.45999908447266,117.33999633789062,118.1500015258789,117.3676986694336,11768600,0.0,0.0
2025-12-23,XOM,118.47000122070312,120.02999877929688,118.31999969482422,119.41999816894531,118.62928771972656,12567600,0.0,0.0
2025-12-24,XOM,119.33000183105469,120.05000305175781,119.12000274658203,119.22000122070312,118.43061828613281,6137400,0.0,0.0
2025-12-26,XOM,118.88999938964844,119.55000305175781,118.52999877929688,119.11000061035156,118.32134246826172,8066100,0.0,0.0
2025-12-29,XOM,120.1500015258789,121.30000305175781,119.4000015258789,120.52999877929688,119.73194122314453,14782500,0.0,0.0
2025-12-30,XOM,121.0999984741211,121.80000305175781,120.62999725341797,120.98999786376953,120.18889617919922,11150500,0.0,0.0
2025-12-31,XOM,121.18000030517578,121.26000213623047,119.87000274658203,120.33999633789062,119.54319763183594,10559900,0.0,0.0
