Date,Fed_Funds_Rate,CPI,Core_CPI,PCE,Core_PCE,PPI,IndustrialProduction,CapacityUtilization,Unemployment,PayrollEmployment,LaborForceParticipation,RetailSales,RealRetailSales,PersonalIncome,DisposableIncome,ConsumerSentiment,HousingStarts,HousingPermits,CaseShillerHomePrice,MoneySupply_M2
2025-07-01,4.33,322.169,328.682,21007.3,126.43,262.358,101.894,76.3997,4.3,158542.0,62.2,727727.0,225884.0,26149.6,18040.9,61.7,1420.0,1362.0,330.95,22019.9
2025-08-01,4.33,323.291,329.7,21123.8,126.714,262.11,101.6247,76.1055,4.3,158472.0,62.3,731700.0,226329.0,26278.1,18076.9,58.2,1291.0,1330.0,329.855,22086.8
2025-09-01,4.22,324.245,330.418,21202.4,126.954,262.054,101.668,76.0461,4.4,158548.0,62.5,732192.0,225814.0,26381.0,18094.6,55.1,1328.0,1415.0,328.881,22169.8
2025-10-01,4.09,,,21288.1,127.243,260.591,101.2075,75.6104,,158408.0,,731051.0,,26405.7,18063.1,53.6,1272.0,1411.0,328.238,22250.4
2025-11-01,3.88,325.063,331.043,21356.0,127.469,261.579,101.3605,75.6334,4.5,158449.0,62.5,734718.0,226023.0,26494.8,18078.6,51.0,1324.0,1388.0,327.807,22296.5
2025-12-01,3.72,326.031,331.814,21445.9,127.886,261.02,101.6781,75.7794,4.4,158432.0,62.4,734717.0,225352.0,26565.7,18070.6,52.9,1387.0,1455.0,326.969,22386.9
2026-01-01,3.64,326.588,332.793,21511.8,128.388,262.39,102.3963,76.2529,4.3,158592.0,62.1,733955.0,224734.0,26679.1,18183.1,56.4,1487.0,1386.0,326.612,22469.1
2026-02-01,3.64,327.46,333.512,21615.1,128.859,267.848,102.551,76.2946,4.4,158459.0,62.0,738366.0,225483.0,26661.0,18100.8,56.6,,,,22667.3
2026-03-01,3.64,330.293,334.165,,,,,,4.3,158637.0,61.9,,,,,,,,,
