Date,Fed_Funds_Rate,CPI,Unemployment,10Y_Treasury,GDP,IndustrialProduction,InflationRate,YieldCurveProxy,GDPGrowth,IndustrialProductionGrowth
2025-04-30,4.33,320.302,4.2,4.17,30485.729,101.1279,,-0.16000000000000014,,
2025-05-31,4.33,320.62,4.3,4.41,30485.729,100.9655,0.0009928130327003792,0.08000000000000007,0.0,-0.0016058871982903566
2025-06-30,4.33,321.435,4.1,4.24,30485.729,101.4785,0.002541949971929469,-0.08999999999999986,0.0,0.005080943490598289
2025-07-31,4.33,322.169,4.3,4.37,31098.027,101.894,0.0022835098853577485,0.040000000000000036,0.020084741945977314,0.004094463359233913
2025-08-31,4.33,323.291,4.3,4.23,31098.027,101.6247,0.003482644202266627,-0.09999999999999964,0.0,-0.0026429426659076993
2025-09-30,4.22,324.245,4.4,4.16,31098.027,101.668,0.002950901819104068,-0.05999999999999961,0.0,0.00042607751855605613
2025-10-31,4.09,324.245,4.4,4.11,31442.483,101.2075,0.0,0.020000000000000462,0.011076458323224125,-0.004529448794114321
2025-11-30,3.88,325.063,4.5,4.02,31442.483,101.3605,0.002522783697512576,0.13999999999999968,0.0,0.001511745671022524
2025-12-31,3.72,326.031,4.4,4.18,31442.483,101.6781,0.00297788428704604,0.4599999999999995,0.0,0.0031333704944234153
